initial_payment,car,price,months_term,miles_per_annum
£846.00 ex VAT,Fiat 500 Hatchback 1.2 Pop 3dr [2018],£94.00,48,"5,000"
£874.08 ex VAT,Volkswagen Up Hatchback 1.0 Move Up 5dr [Start Stop] [2018],£97.12,48,"5,000"
£899.91 ex VAT,Kia Picanto Hatchback 1.0 1 5dr [2018],£99.99,48,"5,000"
£899.91 ex VAT,Vauxhall Adam Hatchback 1.2i Energised 3dr [2018.5],£99.99,48,"5,000"
£899.91 ex VAT,Volkswagen Up Hatchback 1.0 Move Up 5dr [2018],£99.99,48,"5,000"
£926.91 ex VAT,Fiat 500 Hatchback 1.2 Lounge 3dr [2018],£102.99,48,"5,000"
£944.91 ex VAT,Kia Picanto Hatchback 1.0 2 5dr [2018],£104.99,48,"5,000"
£944.91 ex VAT,Toyota Aygo Hatchback 1.0 VVT-i X 3dr [2017],£104.99,48,"5,000"
£944.91 ex VAT,Toyota Aygo Hatchback 1.0 VVT-i X 5dr [2017],£104.99,48,"5,000"
£944.91 ex VAT,Citroen C1 Hatchback 1.2 PureTech Flair 5dr ,£104.99,48,"8,000"
£962.91 ex VAT,Suzuki Swift Hatchback 1.0 Boosterjet SZ-T 5dr [2017],£106.99,48,"5,000"
£962.91 ex VAT,Fiat 500 Hatchback 1.2 S 3dr [2016],£106.99,48,"8,000"
£989.91 ex VAT,Honda Jazz Hatchback 1.3 i-VTEC SE 5dr [2018],£109.99,24,"5,000"
£989.91 ex VAT,Fiat 500 Hatchback 1.2 S 3dr Dualogic [2018],£109.99,48,"5,000"
£989.91 ex VAT,Kia Picanto Hatchback 1.0 GT-line 5dr [2018],£109.99,48,"5,000"
£989.91 ex VAT,Peugeot 108 Hatchback 1.0 72 Access 3dr [2018.5],£109.99,48,"5,000"
£989.91 ex VAT,Peugeot 108 Hatchback 1.0 72 Active 3dr [2018.5],£109.99,48,"5,000"
£998.91 ex VAT,Fiat 500 Hatchback 1.2 Lounge 3dr Dualogic [2018],£110.99,48,"5,000"
£998.91 ex VAT,Smart Forfour Hatchback Hatchback 1.0 Pure 5dr [2018],£110.99,48,"5,000"
"£1,000.62 ex VAT",Mazda 2 Hatchback 1.5 75 SE-L+ 5dr [2018],£111.18,48,"5,000"
"£1,007.91 ex VAT",Vauxhall Astra Hatchback 1.6T 16V 200 Elite Nav 5dr [2018.5],£111.99,24,"5,000"
"£1,007.91 ex VAT",Fiat 500 Hatchback 1.2 Collezione 3dr [2018],£111.99,48,"8,000"
"£1,007.91 ex VAT",Kia Picanto Hatchback 1.25 2 5dr [2018],£111.99,48,"8,000"
"£1,013.76 ex VAT",Skoda Citigo Hatchback 1.0 MPI GreenTech SE 3dr [2018],£112.64,48,"8,000"
"£1,027.89 ex VAT",Skoda Citigo Hatchback 1.0 MPI GreenTech SE 5dr [2018],£114.21,48,"8,000"
"£1,034.91 ex VAT",Toyota Aygo Hatchback 1.0 VVT-i X-Play 5dr [2017],£114.99,48,"5,000"
"£1,036.71 ex VAT",Skoda Citigo Hatchback 1.0 MPI GreenTech SE L 3dr [2018],£115.19,48,"8,000"
"£1,043.91 ex VAT",Hyundai I10 Hatchback 1.0 S 5dr [2017],£115.99,48,"5,000"
"£1,043.91 ex VAT",Kia Picanto Hatchback 1.25 2 5dr Auto [2018],£115.99,48,"5,000"
"£1,043.91 ex VAT",Citroen C3 Hatchback 1.2 PureTech 82 Flair 5dr [2018],£115.99,48,"8,000"
"£1,046.34 ex VAT",Skoda Fabia Hatchback 1.0 MPI S 5dr [2018],£116.26,48,"8,000"
"£1,052.91 ex VAT",Kia Venga Hatchback 1.4 ISG 1 5dr [2015],£116.99,48,"5,000"
"£1,061.91 ex VAT",Hyundai I10 Hatchback 1.0 SE 5dr [2017],£117.99,48,"5,000"
"£1,070.91 ex VAT",Kia Picanto Hatchback 1.25 GT-line 5dr [2018],£118.99,48,"5,000"
"£1,079.91 ex VAT",Kia Rio Hatchback 1.25 1 5dr [2017],£119.99,48,"5,000"
"£1,079.91 ex VAT",Vauxhall Corsa Hatchback 1.4 SRi Nav 3dr [2018.75],£119.99,48,"8,000"
"£1,079.91 ex VAT",Smart Fortwo Coupe City 1.0 Passion 2dr [2018],£119.99,48,"10,000"
"£1,087.11 ex VAT",Skoda Citigo Hatchback 1.0 MPI GreenTech SE L 5dr [2018],£120.79,48,"8,000"
"£1,088.91 ex VAT",Toyota Aygo Hatchback 1.0 VVT-i X-Play 5dr x-shift [2017],£120.99,48,"5,000"
"£1,088.91 ex VAT",Volkswagen Up Hatchback 1.0 Up Beats 5dr [2018],£120.99,48,"5,000"
"£1,097.91 ex VAT",Kia Soul Hatchback 1.6 GDi 1 5dr [2017],£121.99,48,"5,000"
"£1,097.91 ex VAT",Smart Fortwo Coupe City 1.0 Prime 2dr [2018],£121.99,48,"5,000"
"£1,097.91 ex VAT",Citroen C4 Cactus Hatchback 1.2 PureTech [82] Feel Edition 5dr [2018],£121.99,48,"8,000"
"£1,106.91 ex VAT",Kia Venga Hatchback 1.4 ISG 1 Air 5dr [2015],£122.99,48,"5,000"
"£1,115.91 ex VAT",Fiat Panda Hatchback 1.2 Lounge 5dr [2018],£123.99,48,"5,000"
"£1,115.91 ex VAT",Hyundai I10 Hatchback 1.2 SE 5dr [2017],£123.99,48,"5,000"
"£1,116.36 ex VAT",Skoda Octavia Hatchback 1.0 TSI SE Technology 5dr [2018],£124.04,24,"8,000"
"£1,124.91 ex VAT",Fiat 500 Convertible 1.2 Pop 2dr [2018],£124.99,48,"5,000"
"£1,124.91 ex VAT",Toyota Aygo Hatchback 1.0 VVT-i X-Press 5dr [2017],£124.99,48,"5,000"
"£1,124.91 ex VAT",Vauxhall Corsa Hatchback 1.4 [75] SRi Nav 5dr [2018.75],£124.99,48,"8,000"
"£1,139.40 ex VAT",Vauxhall Mokka X Hatchback 1.4T ecoTEC Design Nav 5dr [2018.5],£126.60,36,"5,000"
"£1,141.56 ex VAT",Skoda Fabia Estate 1.0 MPI S 5dr [2017],£126.84,48,"8,000"
"£1,142.91 ex VAT",Hyundai I10 Hatchback 1.0 Premium 5dr [2017],£126.99,48,"5,000"
"£1,142.91 ex VAT",Kia Picanto Hatchback 1.25 3 5dr Auto [2018],£126.99,48,"5,000"
"£1,142.91 ex VAT",Vauxhall Corsa Hatchback 1.4 SRi Nav 5dr [2018.75],£126.99,48,"8,000"
"£1,151.91 ex VAT",Volkswagen Polo Hatchback 1.0 75 SE 5dr [2018.5],£127.99,36,"5,000"
"£1,160.91 ex VAT",Ford Fiesta Hatchback 1.0 EcoBoost Zetec Navigation 5dr [2018.75],£128.99,48,"5,000"
"£1,160.91 ex VAT",Honda Jazz Hatchback 1.3 i-VTEC SE 5dr CVT [2018],£128.99,48,"5,000"
"£1,163.97 ex VAT",Skoda Citigo Hatchback 1.0 MPI Colour Edition 3dr [2018],£129.33,48,"8,000"
"£1,169.91 ex VAT",Seat Ibiza Hatchback 1.0 SE 5dr [2018],£129.99,48,"5,000"
"£1,169.91 ex VAT",Fiat 500 Convertible 1.2 Pop Star 2dr [2018],£129.99,48,"5,000"
"£1,169.91 ex VAT",Citroen C3 Aircross Hatchback 1.2 PureTech Feel 5dr [2017],£129.99,48,"8,000"
"£1,169.91 ex VAT",Smart Fortwo Coupe City 1.0 Passion 2dr Auto [2018],£129.99,48,"10,000"
"£1,178.91 ex VAT",Kia Picanto Hatchback 1.25 GT-line S 5dr [2018],£130.99,48,"5,000"
"£1,178.91 ex VAT",Toyota Aygo Hatchback 1.0 VVT-i X-Press 5dr x-shift [2017],£130.99,48,"5,000"
"£1,178.91 ex VAT",Toyota Yaris Hatchback 1.0 VVT-i Active 5dr [2018.5],£130.99,48,"5,000"
"£1,184.49 ex VAT",Mazda 2 Hatchback 1.5 115 GT Sport Nav+ 5dr [2018],£131.61,48,"5,000"
"£1,186.11 ex VAT",Skoda Octavia Hatchback 1.0 TSI SE Technology 5dr DSG [2018],£131.79,24,"8,000"
"£1,187.91 ex VAT",Nissan Juke Hatchback 1.2 DiG-T Bose Personal Edition 5dr [2018],£131.99,48,"5,000"
"£1,189.08 ex VAT",Skoda Citigo Hatchback 1.0 MPI Colour Edition 5dr [2018],£132.12,48,"8,000"
"£1,196.91 ex VAT",Kia Stonic Estate 1.4 MPi 2 5dr [2018],£132.99,48,"5,000"
"£1,196.91 ex VAT",Seat Ibiza Hatchback 1.0 SE Technology 5dr [2018],£132.99,48,"5,000"
"£1,196.91 ex VAT",Smart Fortwo Cabrio Convertible 1.0 Passion 2dr [2018],£132.99,48,"5,000"
"£1,205.91 ex VAT",Hyundai I10 Hatchback 1.2 Premium 5dr [2017],£133.99,48,"5,000"
"£1,214.91 ex VAT",Renault Captur Hatchback 0.9 TCE 90 Iconic 5dr [2018],£134.99,36,"8,000"
"£1,222.74 ex VAT",Skoda Citigo Hatchback 1.0 MPI Monte Carlo 3dr [2018],£135.86,48,"8,000"
"£1,223.91 ex VAT",Fiat 500 Convertible 1.2 Lounge 2dr [2018],£135.99,48,"5,000"
"£1,223.91 ex VAT",Hyundai I10 Hatchback 1.2 Premium 5dr Auto [2017],£135.99,48,"5,000"
"£1,223.91 ex VAT",Smart Fortwo Cabrio Convertible 1.0 Prime 2dr [2018],£135.99,48,"5,000"
"£1,232.91 ex VAT",Fiat 500l Hatchback 1.4 Pop Star 5dr [2018],£136.99,48,"5,000"
"£1,232.91 ex VAT",Smart Forfour Hatchback Hatchback 1.0 Passion 5dr Auto [2018],£136.99,48,"5,000"
"£1,232.91 ex VAT",Vauxhall Grandland X Hatchback 1.2T SE 5dr [2018.5],£136.99,48,"5,000"
"£1,239.30 ex VAT",Volkswagen Polo Hatchback 1.0 TSI 95 SE 5dr DSG [2018.5],£137.70,36,"5,000"
"£1,244.70 ex VAT",Skoda Octavia Hatchback 1.5 TSI SE Technology 5dr [2018],£138.30,24,"8,000"
"£1,250.91 ex VAT",Ford Fiesta Hatchback 1.0 EcoBoost 140 ST-Line Navigation 3dr [2018.75],£138.99,48,"5,000"
"£1,259.91 ex VAT",Vauxhall Astra Hatchback 1.6 CDTi 16V 136 Elite Nav 5dr [2018.5],£139.99,48,"5,000"
£846.00 ex VAT,Fiat 500 Hatchback 1.2 Pop 3dr [2018],£94.00,48,"5,000"
"£1,268.91 ex VAT",Mini Hatchback Hatchback 1.5 Cooper II 5dr [2018.75],£140.99,48,"5,000"
£874.08 ex VAT,Volkswagen Up Hatchback 1.0 Move Up 5dr [Start Stop] [2018],£97.12,48,"5,000"
"£1,277.91 ex VAT",Fiat 500l Hatchback 1.4 Mirror 5dr [2018],£141.99,48,"5,000"
£899.91 ex VAT,Kia Picanto Hatchback 1.0 1 5dr [2018],£99.99,48,"5,000"
"£1,277.91 ex VAT",Ford Fiesta Hatchback 1.0 EcoBoost 140 ST-Line Navigation 5dr [2018.75],£141.99,48,"5,000"
£899.91 ex VAT,Vauxhall Adam Hatchback 1.2i Energised 3dr [2018.5],£99.99,48,"5,000"
"£1,286.91 ex VAT",Kia Soul Hatchback 1.6 GDi 2 5dr [2017],£142.99,48,"5,000"
£899.91 ex VAT,Volkswagen Up Hatchback 1.0 Move Up 5dr [2018],£99.99,48,"5,000"
£926.91 ex VAT,Fiat 500 Hatchback 1.2 Lounge 3dr [2018],£102.99,48,"5,000"
£944.91 ex VAT,Kia Picanto Hatchback 1.0 2 5dr [2018],£104.99,48,"5,000"
£944.91 ex VAT,Toyota Aygo Hatchback 1.0 VVT-i X 3dr [2017],£104.99,48,"5,000"
£944.91 ex VAT,Toyota Aygo Hatchback 1.0 VVT-i X 5dr [2017],£104.99,48,"5,000"
£944.91 ex VAT,Citroen C1 Hatchback 1.2 PureTech Flair 5dr ,£104.99,48,"8,000"
£962.91 ex VAT,Suzuki Swift Hatchback 1.0 Boosterjet SZ-T 5dr [2017],£106.99,48,"5,000"
£962.91 ex VAT,Fiat 500 Hatchback 1.2 S 3dr [2016],£106.99,48,"8,000"
£989.91 ex VAT,Honda Jazz Hatchback 1.3 i-VTEC SE 5dr [2018],£109.99,24,"5,000"
£989.91 ex VAT,Fiat 500 Hatchback 1.2 S 3dr Dualogic [2018],£109.99,48,"5,000"
£989.91 ex VAT,Kia Picanto Hatchback 1.0 GT-line 5dr [2018],£109.99,48,"5,000"
£989.91 ex VAT,Peugeot 108 Hatchback 1.0 72 Access 3dr [2018.5],£109.99,48,"5,000"
£989.91 ex VAT,Peugeot 108 Hatchback 1.0 72 Active 3dr [2018.5],£109.99,48,"5,000"
£998.91 ex VAT,Fiat 500 Hatchback 1.2 Lounge 3dr Dualogic [2018],£110.99,48,"5,000"
£998.91 ex VAT,Smart Forfour Hatchback Hatchback 1.0 Pure 5dr [2018],£110.99,48,"5,000"
"£1,000.62 ex VAT",Mazda 2 Hatchback 1.5 75 SE-L+ 5dr [2018],£111.18,48,"5,000"
"£1,007.91 ex VAT",Vauxhall Astra Hatchback 1.6T 16V 200 Elite Nav 5dr [2018.5],£111.99,24,"5,000"
"£1,007.91 ex VAT",Fiat 500 Hatchback 1.2 Collezione 3dr [2018],£111.99,48,"8,000"
"£1,007.91 ex VAT",Kia Picanto Hatchback 1.25 2 5dr [2018],£111.99,48,"8,000"
"£1,013.76 ex VAT",Skoda Citigo Hatchback 1.0 MPI GreenTech SE 3dr [2018],£112.64,48,"8,000"
"£1,027.89 ex VAT",Skoda Citigo Hatchback 1.0 MPI GreenTech SE 5dr [2018],£114.21,48,"8,000"
"£1,034.91 ex VAT",Toyota Aygo Hatchback 1.0 VVT-i X-Play 5dr [2017],£114.99,48,"5,000"
"£1,036.71 ex VAT",Skoda Citigo Hatchback 1.0 MPI GreenTech SE L 3dr [2018],£115.19,48,"8,000"
"£1,043.91 ex VAT",Hyundai I10 Hatchback 1.0 S 5dr [2017],£115.99,48,"5,000"
"£1,043.91 ex VAT",Kia Picanto Hatchback 1.25 2 5dr Auto [2018],£115.99,48,"5,000"
"£1,043.91 ex VAT",Citroen C3 Hatchback 1.2 PureTech 82 Flair 5dr [2018],£115.99,48,"8,000"
"£1,286.91 ex VAT",Audi A1 Hatchback 1.0 TFSI SE 5dr [2018],£142.99,48,"5,000"
"£1,286.91 ex VAT",Kia Stonic Estate 1.0T GDi 2 5dr [2018],£142.99,48,"5,000"
"£1,286.91 ex VAT",Seat Arona Estate 1.0 TSI SE 5dr [2018],£142.99,48,"5,000"
"£1,286.91 ex VAT",Toyota Yaris Hatchback 1.0 VVT-i Icon 5dr [2018.5],£142.99,48,"5,000"
"£1,304.91 ex VAT",Vauxhall Mokka X Hatchback 1.4T ecoTEC Elite Nav 5dr [2018.5],£144.99,24,"8,000"
"£1,304.91 ex VAT",Fiat Panda Hatchback 1.2 City Cross 5dr [2018],£144.99,48,"5,000"
"£1,304.91 ex VAT",Hyundai I10 Hatchback 1.0 Go SE 5dr [2017],£144.99,48,"5,000"
"£1,304.91 ex VAT",Seat Ibiza Hatchback 1.0 TSI 115 FR 5dr [2018],£144.99,48,"5,000"
"£1,304.91 ex VAT",Smart Fortwo Cabrio Convertible 1.0 Passion 2dr Auto [2018],£144.99,48,"5,000"
"£1,304.91 ex VAT",Toyota Yaris Hatchback 1.0 VVT-i Icon Tech 5dr [2018.5],£144.99,48,"5,000"
"£1,306.62 ex VAT",Skoda Rapid Spaceback Hatchback 1.0 TSI 95 S 5dr [2018],£145.18,48,"8,000"
"£1,313.91 ex VAT",Vauxhall Mokka X Hatchback 1.4T Design Nav 5dr Auto [2018.5],£145.99,36,"5,000"
"£1,322.91 ex VAT",Seat Ibiza Hatchback 1.0 Xcellence 5dr [2018],£146.99,48,"5,000"
"£1,322.91 ex VAT",Seat Leon Hatchback 1.2 TSI SE Dynamic Technology 5dr [2018],£146.99,48,"5,000"
"£1,331.46 ex VAT",Skoda Octavia Hatchback 1.5 TSI SE L 5dr [2018],£147.94,36,"5,000"
"£1,340.91 ex VAT",Vauxhall Grandland X Hatchback 1.2T SE 5dr Auto [2018.5],£148.99,48,"5,000"
"£1,340.91 ex VAT",Volvo V40 Hatchback T2 [122] Momentum 5dr [2019],£148.99,48,"5,000"
"£1,349.91 ex VAT",Ford Focus Hatchback 1.0 EcoBoost 140 ST-Line Navigation 5dr [2017.5],£149.99,24,"8,000"
"£1,349.91 ex VAT",Ford Focus Hatchback 1.0 EcoBoost 125 Titanium Navigation 5dr [2017.5],£149.99,48,"5,000"
"£1,349.91 ex VAT",Seat Arona Estate 1.0 TSI SE Technology 5dr [2018],£149.99,48,"5,000"
"£1,358.91 ex VAT",Toyota Yaris Hatchback 1.5 Hybrid Icon 5dr CVT [2018.5],£150.99,48,"5,000"
"£1,367.91 ex VAT",Kia Soul Hatchback 1.6 CRDi 2 5dr [2017],£151.99,48,"5,000"
"£1,367.91 ex VAT",Seat Leon Hatchback 1.4 TSI 125 FR Technology 5dr [2018],£151.99,48,"5,000"
"£1,376.91 ex VAT",Mini Hatchback Hatchback 1.5 Cooper II 3dr [Chili Pack] [2018.75],£152.99,48,"5,000"
"£1,381.86 ex VAT",Skoda Fabia Hatchback 1.4 TDI 75 S 5dr [2018],£153.54,48,"8,000"
"£1,385.91 ex VAT",Honda Civic Hatchback 1.0 VTEC Turbo SR 5dr [2017],£153.99,48,"5,000"
"£1,385.91 ex VAT",Toyota Yaris Hatchback 1.5 Hybrid Icon Tech 5dr CVT [2018.5],£153.99,48,"5,000"
"£1,388.25 ex VAT",Skoda Rapid Spaceback Hatchback 1.0 TSI 110 SE Tech 5dr [2018],£154.25,48,"8,000"
"£1,397.43 ex VAT",Skoda Karoq Estate 1.6 TDI SE Technology 5dr [2018],£155.27,24,"8,000"
"£1,398.60 ex VAT",Mazda 3 Hatchback 2.0 165 Sport Nav 5dr [2017],£155.40,48,"5,000"
"£1,403.91 ex VAT",Ford Focus Hatchback 1.0 EcoBoost Titanium Navigation 5dr [2017.5],£155.99,48,"5,000"
"£1,412.91 ex VAT",Audi A1 Hatchback 1.0 TFSI SE 3dr S Tronic [2018],£156.99,48,"5,000"
"£1,412.91 ex VAT",Audi A1 Hatchback 1.6 TDI SE 3dr [2018],£156.99,48,"5,000"
"£1,412.91 ex VAT",Fiat 500l Hatchback 1.4 T-Jet 120 Mirror 5dr [2018],£156.99,48,"5,000"
"£1,412.91 ex VAT",Kia Venga Hatchback 1.4 CRDi 2 5dr [2015],£156.99,48,"5,000"
"£1,421.91 ex VAT",Fiat 500l Hatchback 1.4 T-Jet 120 Pop Star 5dr [2018],£157.99,48,"5,000"
"£1,421.91 ex VAT",Kia Sportage Suv 1.6 GDi ISG 1 5dr [2019],£157.99,48,"5,000"
"£1,421.91 ex VAT",Kia Venga Hatchback 1.6 3 5dr Auto [6] [2015],£157.99,48,"5,000"
"£1,421.91 ex VAT",Mitsubishi Eclipse Cross Hatchback 1.5 2 5dr [2018],£157.99,48,"5,000"
"£1,421.91 ex VAT",Nissan Qashqai Hatchback 1.2 DiG-T N-Connecta [Glass Roof Pack] 5dr [2017],£157.99,48,"5,000"
"£1,421.91 ex VAT",Volkswagen Up Hatchback 1.0 115PS Up GTI 3dr [2018],£157.99,48,"5,000"
"£1,428.39 ex VAT",Skoda Karoq Estate 1.6 TDI SE Technology 5dr DSG [2018],£158.71,24,"8,000"
"£1,430.91 ex VAT",Honda Civic Hatchback 1.6 i-DTEC SR 5dr [2018],£158.99,48,"5,000"
"£1,430.91 ex VAT",Mini Hatchback Hatchback 1.5 Cooper II 5dr [Chili Pack] [2018.75],£158.99,48,"5,000"
"£1,431.09 ex VAT",Skoda Rapid Spaceback Hatchback 1.0 TSI 95 SE Sport 5dr [2018],£159.01,48,"8,000"
"£1,431.09 ex VAT",Skoda Rapid Spaceback Hatchback 1.0 TSI 95 SE Sport 5dr DSG [2018],£159.01,48,"8,000"
"£1,431.09 ex VAT",Skoda Rapid Spaceback Hatchback 1.0 TSI 95 SE Tech 5dr [2018],£159.01,48,"8,000"
"£1,434.96 ex VAT",Skoda Rapid Spaceback Hatchback 1.0 TSI 95 SE Tech 5dr DSG [2018],£159.44,48,"8,000"
"£1,439.37 ex VAT",Skoda Octavia Hatchback 1.5 TSI SE L 5dr DSG [2018],£159.93,36,"5,000"
"£1,439.91 ex VAT",Audi A1 Hatchback 1.6 TDI SE 5dr [2018],£159.99,48,"5,000"
"£1,439.91 ex VAT",Nissan Qashqai Hatchback 1.2 DiG-T N-Connecta 5dr [2017],£159.99,48,"5,000"
"£1,439.91 ex VAT",Vauxhall Mokka X Hatchback 1.4T Elite Nav 5dr 4WD [2018.5],£159.99,48,"5,000"
"£1,439.91 ex VAT",Volkswagen Up Hatchback 1.0 115PS Up GTI 5dr [2018],£159.99,48,"5,000"
"£1,439.91 ex VAT",Volvo V40 Hatchback T2 [122] R DESIGN 5dr [2019],£159.99,48,"5,000"
"£1,448.91 ex VAT",Nissan Qashqai Hatchback 1.2 DiG-T Acenta [Smart Vision Pack] 5dr [2017],£160.99,36,"5,000"
"£1,448.91 ex VAT",Peugeot 308 Hatchback 1.2 PureTech 130 Active 5dr [2018],£160.99,48,"5,000"
"£1,448.91 ex VAT",Seat Arona Estate 1.0 TSI 115 SE 5dr DSG [2018],£160.99,48,"5,000"
"£1,457.91 ex VAT",Fiat 500 Convertible 1.2 Collezione 2dr [2018],£161.99,36,"10,000"
"£1,457.91 ex VAT",Audi A1 Hatchback 1.0 TFSI Sport Nav 3dr [2018],£161.99,48,"5,000"
"£1,461.24 ex VAT",Skoda Octavia Hatchback 1.6 TDI SE Technology 5dr [2018],£162.36,48,"8,000"
"£1,461.24 ex VAT",Skoda Octavia Estate 1.6 TDI SE Technology 5dr [2018],£162.36,48,"8,000"
"£1,466.91 ex VAT",Kia Sportage Suv 1.6 GDi ISG 2 5dr [2019],£162.99,48,"5,000"
"£1,475.91 ex VAT",Volkswagen Golf Hatchback 1.5 TSI EVO SE [Nav] 5dr [2018],£163.99,24,"5,000"
"£1,475.91 ex VAT",Honda Hr-v Hatchback 1.5 i-VTEC SE 5dr [2017],£163.99,48,"5,000"
"£1,475.91 ex VAT",Peugeot 308 Hatchback 1.2 PureTech 130 Allure 5dr [2018],£163.99,48,"5,000"
"£1,475.91 ex VAT",Volvo V40 Hatchback T2 [122] Momentum 5dr Geartronic [2019],£163.99,48,"5,000"
"£1,475.91 ex VAT",Volvo V40 Hatchback T2 [122] Momentum Nav Plus 5dr Geartronic [2019],£163.99,48,"5,000"
"£1,479.60 ex VAT",Skoda Rapid Spaceback Hatchback 1.0 TSI 110 SE Sport 5dr [2018],£164.40,48,"8,000"
"£1,480.32 ex VAT",Skoda Fabia Estate 1.4 TDI 75 S 5dr [2018],£164.48,48,"8,000"
"£1,493.91 ex VAT",Nissan Qashqai Hatchback 1.2 DiG-T Tekna [Glass Roof Pack] 5dr [2017],£165.99,48,"5,000"
"£1,502.91 ex VAT",Skoda Rapid Hatchback 1.6 TDI CR 115 SE 5dr [2018],£166.99,48,"5,000"
"£1,509.39 ex VAT",Skoda Octavia Hatchback 1.5 TSI SE 5dr [2018],£167.71,48,"8,000"
"£1,511.91 ex VAT",Kia Niro Estate 1.6 GDi PHEV 3 5dr DCT [2018],£167.99,36,"5,000"
"£1,511.91 ex VAT",Honda Hr-v Hatchback 1.5 i-VTEC SE Navi 5dr [2017],£167.99,48,"5,000"
"£1,520.91 ex VAT",Kia Sportage Suv 1.6 CRDi ISG 1 5dr [2019],£168.99,48,"5,000"
"£1,520.91 ex VAT",Mitsubishi Eclipse Cross Hatchback 1.5 3 5dr [2018],£168.99,48,"5,000"
"£1,520.91 ex VAT",Seat Arona Estate 1.0 TSI 115 SE Technology 5dr DSG [2018],£168.99,48,"5,000"
"£1,520.91 ex VAT",Volkswagen Golf Hatchback 1.6 TDI SE [Nav] 5dr [2018],£168.99,48,"5,000"
"£1,529.91 ex VAT",Seat Leon Hatchback 1.0 TSI Ecomotive SE Technology 5dr [2018],£169.99,48,"5,000"
"£1,529.91 ex VAT",Toyota C-hr Hatchback 1.2T Icon 5dr [2018],£169.99,48,"5,000"
"£1,538.91 ex VAT",Ford Kuga Suv 1.5 EcoBoost ST-Line 5dr 2WD [2018.75],£170.99,48,"5,000"
"£1,538.91 ex VAT",Seat Leon Hatchback 1.4 EcoTSI 150 FR Technology 5dr [2018],£170.99,48,"5,000"
"£1,547.91 ex VAT",Kia Niro Estate 1.6 GDi Hybrid 3 5dr DCT [2018],£171.99,36,"5,000"
"£1,556.91 ex VAT",Nissan Qashqai Hatchback 1.5 dCi Acenta [Smart Vision/Comfort/Tech] 5dr [2017],£172.99,36,"5,000"
"£1,556.91 ex VAT",Toyota Auris Hatchback 1.8 Hybrid Icon Tech TSS 5dr CVT [2018.5],£172.99,48,"5,000"
"£1,571.85 ex VAT",Skoda Superb Hatchback 1.6 TDI CR S 5dr [2018],£174.65,48,"8,000"
"£1,574.91 ex VAT",Peugeot 308 Hatchback 1.2 PureTech 130 GT Line 5dr [2018],£174.99,48,"5,000"
"£1,574.91 ex VAT",Toyota Auris Hatchback 1.8 Hybrid Icon TSS 5dr CVT [2018.5],£174.99,48,"5,000"
"£1,574.91 ex VAT",Volvo V40 Hatchback T2 [122] Inscription 5dr [2019],£174.99,48,"5,000"
"£1,583.91 ex VAT",Volkswagen Golf Hatchback 1.6 TDI SE [Nav] 5dr DSG [2018],£175.99,48,"5,000"
"£1,583.91 ex VAT",Kia Sportage Suv 1.6T GDi ISG GT-Line 5dr [2019],£175.99,48,"5,000"
"£1,583.91 ex VAT",Seat Arona Estate 1.0 TSI 115 Xcellence 5dr [2018],£175.99,48,"5,000"
"£1,592.91 ex VAT",Nissan Qashqai Hatchback 1.2 DiG-T Tekna+ 5dr [2017],£176.99,48,"5,000"
"£1,592.91 ex VAT",Seat Leon Hatchback 1.6 TDI SE Dynamic Technology 5dr [2018],£176.99,48,"5,000"
"£1,592.91 ex VAT",Mini Convertible Convertible 1.5 Cooper II 2dr [Chili Pack] [2018.5],£176.99,48,"8,000"
"£1,601.91 ex VAT",Audi A1 Hatchback 1.0 TFSI S Line Nav 5dr [2018],£177.99,48,"5,000"
"£1,601.91 ex VAT",Audi A1 Hatchback 1.0 TFSI Sport Nav 3dr S Tronic [2018],£177.99,48,"5,000"
"£1,601.91 ex VAT",Audi A1 Hatchback 1.6 TDI Sport Nav 5dr [2018],£177.99,48,"5,000"
"£1,601.91 ex VAT",Mazda 3 Hatchback 2.2d SE-L Nav 5dr [2017],£177.99,48,"5,000"
"£1,601.91 ex VAT",Mercedes-Benz A Class Hatchback A180d SE 5dr Auto [2019],£177.99,48,"5,000"
"£1,601.91 ex VAT",Nissan Qashqai Hatchback 1.5 dCi N-Connecta [Glass Roof Pack] 5dr [2017],£177.99,48,"5,000"
"£1,601.91 ex VAT",Volvo V40 Hatchback D2 [120] Momentum 5dr [2019],£177.99,48,"5,000"
"£1,601.91 ex VAT",Ford Focus Hatchback 1.5 TDCi 120 ST-Line X 5dr [2017.5],£177.99,48,"8,000"
"£1,610.91 ex VAT",Volkswagen Arteon Hatchback 1.5 TSI Elegance 5dr DSG [2018],£178.99,24,"5,000"
"£1,610.91 ex VAT",Ford Kuga Suv 1.5 TDCi Titanium 5dr Auto 2WD [2017.5],£178.99,48,"8,000"
"£1,619.91 ex VAT",Hyundai Ioniq Saloon 1.6 GDi Hybrid Premium 5dr DCT [2018],£179.99,48,"5,000"
"£1,619.91 ex VAT",Hyundai Tucson Suv 1.7 CRDi Blue Drive Go SE 5dr 2WD [2015],£179.99,48,"5,000"
"£1,628.91 ex VAT",Kia Sportage Suv 1.6 CRDi ISG 2 5dr [2019],£180.99,48,"5,000"
"£1,628.91 ex VAT",Mitsubishi Eclipse Cross Hatchback 1.5 3 5dr CVT [2018],£180.99,48,"5,000"
"£1,630.98 ex VAT",Skoda Octavia Hatchback 1.6 TDI CR SE 5dr [2018],£181.22,48,"8,000"
"£1,637.91 ex VAT",Honda Hr-v Hatchback 1.6 i-DTEC SE Navi 5dr [2017],£181.99,48,"5,000"
"£1,637.91 ex VAT",Nissan Qashqai Hatchback 1.5 dCi Tekna [Glass Roof Pack] 5dr [2017],£181.99,48,"5,000"
"£1,637.91 ex VAT",Jaguar E-pace Estate 2.0d 5dr 2WD [2019],£181.99,48,"5,000"
"£1,642.41 ex VAT",Skoda Superb Hatchback 2.0 TDI CR SE 5dr [2018],£182.49,48,"8,000"
"£1,646.91 ex VAT",Mitsubishi L200 Pick Up Double Cab DI-D 178 Barbarian 4WD [2006],£182.99,24,"5,000"
"£1,646.91 ex VAT",Mitsubishi L200 Pick Up Double Cab DI-D 178 Barbarian 4WD [2006],£182.99,24,"5,000"
"£1,646.91 ex VAT",Audi A3 Saloon 1.0 TFSI Sport 4dr [2018],£182.99,48,"5,000"
"£1,646.91 ex VAT",Seat Arona Estate 1.0 TSI 115 FR Sport 5dr [2018],£182.99,48,"5,000"
"£1,646.91 ex VAT",Volkswagen T-roc Hatchback 1.0 TSI S 5dr [2018],£182.99,48,"5,000"
"£1,646.91 ex VAT",Volvo V40 Hatchback D2 [120] R DESIGN 5dr [2019],£182.99,48,"5,000"
"£1,646.91 ex VAT",Fiat 500x Estate 1.6 E-torQ Pop Star 5dr [2018],£182.99,36,"10,000"
"£1,655.91 ex VAT",Mazda 3 Hatchback 2.2d Sport Nav 5dr [2017],£183.99,48,"5,000"
"£1,655.91 ex VAT",Mitsubishi Eclipse Cross Hatchback 1.5 4 5dr [2018],£183.99,48,"5,000"
"£1,655.91 ex VAT",Peugeot 308 Hatchback 1.5 BlueHDi 130 Active 5dr [2018.5],£183.99,48,"5,000"
"£1,655.91 ex VAT",Seat Ateca Estate 1.0 TSI Ecomotive SE 5dr [2018],£183.99,48,"5,000"
"£1,655.91 ex VAT",Seat Leon Hatchback 1.4 EcoTSI 150 Xcellence Technology 5dr [Leather] [2018],£183.99,48,"5,000"
"£1,655.91 ex VAT",Seat Leon Hatchback 1.4 TSI 125 Xcellence Technology 5dr [Leather] [2018],£183.99,48,"5,000"
"£1,655.91 ex VAT",Toyota Auris Estate 1.8 Hybrid Icon Tech TSS 5dr CVT [2018.5],£183.99,48,"5,000"
"£1,655.91 ex VAT",Volkswagen Golf Hatchback 2.0 TDI SE [Nav] 5dr [2018],£183.99,48,"5,000"
"£1,659.87 ex VAT",Skoda Superb Estate 1.6 TDI CR S 5dr [2018],£184.43,48,"8,000"
"£1,664.91 ex VAT",Hyundai Tucson Suv 1.6 TGDi Go SE 5dr 2WD DCT [2015],£184.99,48,"5,000"
"£1,664.91 ex VAT",Ford Kuga Suv 2.0 TDCi ST-Line 5dr 2WD [2018],£184.99,48,"8,000"
"£1,672.65 ex VAT",Skoda Superb Hatchback 1.6 TDI CR SE GreenLine 5dr [2018],£185.85,48,"8,000"
"£1,673.91 ex VAT",Fiat 500x Estate 1.6 E-torQ Mirror 5dr [2018],£185.99,36,"10,000"
"£1,673.91 ex VAT",BMW 1 Series Hatchback 118i [1.5] Sport 3dr [Nav/Servotronic] [2018.75],£185.99,48,"5,000"
"£1,673.91 ex VAT",Hyundai Tucson Suv 1.7 CRDi Blue Drive Go SE 5dr 2WD DCT [2015],£185.99,48,"5,000"
"£1,673.91 ex VAT",Seat Ateca Estate 1.6 TDI Ecomotive SE Technology 5dr [2018],£185.99,48,"5,000"
"£1,673.91 ex VAT",Vauxhall Grandland X Hatchback 1.6 Turbo D Sport Nav 5dr [2018.5],£185.99,48,"5,000"
"£1,673.91 ex VAT",Ford Focus Hatchback 1.0 EcoBoost 125 ST-Line Nav 5dr [2018.75],£185.99,48,"8,000"
"£1,674.00 ex VAT",Jaguar E-pace Estate 2.0d R-Dynamic 5dr 2WD [2019],£186.00,48,"5,000"
"£1,689.57 ex VAT",Skoda Superb Hatchback 1.6 TDI CR SE Technology 5dr [2018],£187.73,48,"8,000"
"£1,691.91 ex VAT",BMW 1 Series Hatchback 118i [1.5] SE 5dr [Nav/Servotronic] [2018.75],£187.99,48,"5,000"
"£1,691.91 ex VAT",Seat Leon Estate 1.6 TDI SE Dynamic Technology 5dr [2018],£187.99,48,"5,000"
"£1,700.91 ex VAT",Audi A1 Hatchback 1.6 TDI S Line Nav 3dr [2018],£188.99,48,"5,000"
"£1,700.91 ex VAT",Ford C-max Mpv 1.0 EcoBoost 125 Titanium Navigation 5dr [2018.5],£188.99,48,"5,000"
"£1,700.91 ex VAT",Volkswagen Polo Hatchback 2.0 TSI GTI 5dr DSG [2018.5],£188.99,48,"5,000"
"£1,703.52 ex VAT",Skoda Superb Hatchback 2.0 TDI CR SE Technology 5dr [2018],£189.28,48,"8,000"
"£1,709.91 ex VAT",Hyundai I40 Saloon 1.7 CRDi Blue Drive SE Nav 4dr [2017],£189.99,48,"5,000"
"£1,718.91 ex VAT",Audi A1 Hatchback 1.0 TFSI S Line Nav 3dr S Tronic [2018],£190.99,48,"5,000"
"£1,718.91 ex VAT",Mercedes-Benz Gla Class Hatchback GLA 200d AMG Line 5dr Auto [2018.5],£190.99,48,"5,000"
"£1,722.06 ex VAT",Skoda Karoq Estate 1.6 TDI SE 5dr [2018],£191.34,48,"8,000"
"£1,727.91 ex VAT",Volkswagen Golf Hatchback 2.0 TDI SE [Nav] 5dr DSG [2018],£191.99,48,"5,000"
"£1,736.91 ex VAT",Mini Clubman Estate 1.5 Cooper 6dr [2018.75],£192.99,48,"5,000"
"£1,736.91 ex VAT",Toyota C-hr Hatchback 1.8 Hybrid Icon 5dr CVT [Tech] [2018],£192.99,48,"5,000"
"£1,745.91 ex VAT",Volkswagen Arteon Hatchback 2.0 TSI Elegance 5dr DSG [2018],£193.99,24,"5,000"
"£1,745.91 ex VAT",Audi A1 Hatchback 1.6 TDI S Line Nav 5dr [2018],£193.99,48,"5,000"
"£1,745.91 ex VAT",Kia Sportage Suv 1.6 CRDi ISG GT-Line 5dr [2019],£193.99,48,"5,000"
"£1,745.91 ex VAT",Peugeot 308 Hatchback 1.5 BlueHDi 130 Allure 5dr [2018.5],£193.99,48,"5,000"
"£1,745.91 ex VAT",Mini Hatchback Hatchback 2.0 John Cooper Works II 3dr [Chili Pack] [2018.5],£193.99,48,"8,000"
"£1,754.91 ex VAT",Audi A3 Saloon 1.0 TFSI Sport 4dr S Tronic [2018],£194.99,48,"5,000"
"£1,754.91 ex VAT",Ford Mondeo Saloon 2.0 Hybrid Titanium Edition 4dr Auto [2018.75],£194.99,48,"5,000"
"£1,754.91 ex VAT",Hyundai Ioniq Saloon 1.6 GDi Hybrid Premium SE 5dr DCT [2018],£194.99,48,"5,000"
"£1,754.91 ex VAT",Hyundai Ioniq Saloon 1.6 GDi Hybrid SE 5dr DCT [2018],£194.99,48,"5,000"
"£1,754.91 ex VAT",Hyundai Tucson Suv 1.6 TGDi Go SE 5dr 2WD [2015],£194.99,48,"5,000"
"£1,242.16 ex VAT",BMW 2 Series Coupe 218i M Sport 2dr [Nav] [2018.5],£207.03,48,"10,000"
"£1,763.91 ex VAT",Volkswagen Arteon Hatchback 1.5 TSI R Line 5dr DSG [2018],£195.99,24,"5,000"
"£1,763.91 ex VAT",Alfa Romeo Giulietta Hatchback 1.4 TB 5dr [2016],£195.99,48,"5,000"
"£1,763.91 ex VAT",Audi A1 Hatchback 1.4 TFSI S Line Nav 5dr S Tronic [2018],£195.99,48,"5,000"
"£1,763.91 ex VAT",BMW 1 Series Hatchback 118i [1.5] SE 3dr [Nav/Servotronic] Step Auto [2018.75],£195.99,48,"5,000"
"£1,763.91 ex VAT",Mercedes-Benz Cla Class Coupe CLA 180 AMG Line Edition 4dr ,£195.99,48,"5,000"
"£1,772.91 ex VAT",BMW 1 Series Hatchback 118i [1.5] SE 5dr [Nav/Servotronic] Step Auto [2018.75],£196.99,48,"5,000"
"£1,781.91 ex VAT",BMW 1 Series Hatchback 116d SE 3dr [Nav/Servotronic] [2018.75],£197.99,48,"5,000"
"£1,781.91 ex VAT",Hyundai I40 Estate 1.7 CRDi Blue Drive S 5dr [2017],£197.99,48,"5,000"
"£1,782.90 ex VAT",Skoda Kodiaq Estate 2.0 TDI SE 5dr DSG [2018],£198.10,24,"8,000"
"£1,790.91 ex VAT",Volkswagen T-roc Hatchback 1.5 TSI EVO SEL 5dr [2018],£198.99,24,"5,000"
"£1,790.91 ex VAT",Audi Q2 Estate 1.0 TFSI SE 5dr [2018],£198.99,48,"5,000"
"£1,790.91 ex VAT",Peugeot 308 Hatchback 1.5 BlueHDi 130 GT Line 5dr [2018.5],£198.99,48,"5,000"
"£1,790.91 ex VAT",Peugeot 3008 Estate 1.5 BlueHDi Active 5dr [2018.5],£198.99,48,"5,000"
"£1,795.77 ex VAT",Skoda Karoq Estate 1.6 TDI SE 5dr DSG [2018],£199.53,48,"8,000"
"£1,799.91 ex VAT",BMW 2 Series Coupe 218i SE 2dr [Nav] [2018.5],£199.99,48,"5,000"
"£1,799.91 ex VAT",Jaguar Xf Estate 2.0i Portfolio 5dr Auto [2019],£199.99,24,"5,000"
"£1,799.91 ex VAT",Toyota C-hr Hatchback 1.8 Hybrid Icon 5dr CVT [Tech/Nav] [2018],£199.99,48,"5,000"
"£1,799.91 ex VAT",Jaguar E-pace Estate 2.0d [180] 5dr [2019],£199.99,48,"5,000"
"£1,801.44 ex VAT",Audi A3 Saloon 1.5 TFSI Sport 4dr [2018],£200.16,48,"5,000"
"£1,808.91 ex VAT",Volkswagen Arteon Hatchback 2.0 TSI R Line 5dr DSG [2018],£200.99,24,"5,000"
"£1,808.91 ex VAT",Peugeot 3008 Estate 1.5 BlueHDi Allure 5dr [2018.5],£200.99,48,"5,000"
"£1,808.91 ex VAT",Volkswagen Golf Sv Hatchback 1.0 TSI S 5dr [2018.5],£200.99,48,"5,000"
"£1,808.91 ex VAT",Jaguar E-pace Estate 2.0d S 5dr 2WD [2019],£200.99,48,"5,000"
"£1,808.91 ex VAT",Mercedes-Benz Gla Class Hatchback GLA 200d Sport 5dr [2018.5],£200.99,48,"10,000"
"£1,817.91 ex VAT",Audi A3 Saloon 1.0 TFSI S Line 4dr [2018],£201.99,48,"5,000"
"£1,817.91 ex VAT",Audi A3 Hatchback 1.5 TFSI S Line 5dr [2018],£201.99,48,"5,000"
"£1,817.91 ex VAT",Honda Civic Hatchback 1.5 VTEC Turbo Sport 5dr [2017],£201.99,48,"5,000"
"£1,822.32 ex VAT",Skoda Kodiaq Estate 2.0 TDI SE Technology 4x4 5dr [2018],£202.48,24,"8,000"
"£1,826.91 ex VAT",Jaguar Xf Estate 2.0i Prestige 5dr Auto [2019],£202.99,24,"5,000"
"£1,826.91 ex VAT",BMW 1 Series Hatchback 116d SE Business 3dr [Nav/Servotronic] [2018.75],£202.99,48,"5,000"
"£1,826.91 ex VAT",BMW 1 Series Hatchback 116d SE Business 5dr [Nav/Servotronic] [2018.75],£202.99,48,"5,000"
"£1,826.91 ex VAT",Seat Ateca Estate 1.6 TDI Ecomotive Xcellence 5dr [2018],£202.99,48,"5,000"
"£1,826.91 ex VAT",Volvo V40 Hatchback D2 [120] Inscription 5dr [2019],£202.99,48,"5,000"
"£1,826.91 ex VAT",Jaguar E-pace Estate 2.0d R-Dynamic S 5dr 2WD [2019],£202.99,48,"5,000"
"£1,828.08 ex VAT",Skoda Superb Estate 2.0 TDI CR SE 5dr DSG [7 Speed] [2018],£203.12,48,"8,000"
"£1,832.67 ex VAT",Skoda Kodiaq Estate 2.0 TDI SE 5dr DSG [7 Seat] [2018],£203.63,24,"8,000"
"£1,835.91 ex VAT",Audi A3 Hatchback 1.0 TFSI Sport 5dr [2018],£203.99,48,"5,000"
"£1,844.91 ex VAT",Audi Q3 Estate 1.4T FSI Sport 5dr [2018],£204.99,48,"5,000"
"£1,844.91 ex VAT",Mercedes-Benz A Class Hatchback A180d SE Executive 5dr Auto [2019],£204.99,48,"5,000"
"£1,853.91 ex VAT",Volkswagen Passat Estate 1.6 TDI GT 5dr [Panoramic Roof] [2018],£205.99,48,"5,000"
"£1,853.91 ex VAT",Volkswagen Polo Hatchback 2.0 TSI GTI+ 5dr DSG [2018.5],£205.99,48,"5,000"
"£1,853.91 ex VAT",Mercedes-Benz A Class Hatchback A180d Sport 5dr Auto [2019],£205.99,48,"8,000"
"£1,853.91 ex VAT",Volkswagen Golf Hatchback 2.0 TDI 184 GTD 5dr [2018],£205.99,48,"8,000"
"£1,311.90 ex VAT",BMW 2 Series Coupe 218i M Sport 2dr [Nav] Step Auto [2018.5],£218.65,48,"10,000"
"£1,862.91 ex VAT",Vauxhall Grandland X Hatchback 1.6 Turbo D Sport Nav 5dr Auto [2018.5],£206.99,48,"5,000"
"£1,862.91 ex VAT",BMW 1 Series Hatchback 118d SE 3dr [Nav/Servotronic] [2018.75],£206.99,48,"5,000"
"£1,862.91 ex VAT",Toyota Prius Hatchback 1.8 VVTi Active 5dr CVT [2018],£206.99,48,"5,000"
"£1,871.91 ex VAT",Audi A3 Hatchback 1.0 TFSI S Line 5dr [2018],£207.99,48,"5,000"
"£1,871.91 ex VAT",Seat Alhambra Mpv 2.0 TDI CR Ecomotive S [150] 5dr [2018],£207.99,48,"5,000"
"£1,880.91 ex VAT",Mercedes-Benz A Class Hatchback A180d Sport 5dr Auto [2019],£208.99,48,"8,000"
"£1,880.91 ex VAT",Skoda Superb Hatchback 1.6 TDI CR SE Technology 5dr DSG [2018],£208.99,48,"8,000"
"£1,884.51 ex VAT",Skoda Kodiaq Estate 2.0 TDI SE L 5dr DSG [2018],£209.39,24,"8,000"
"£1,889.91 ex VAT",Volvo S90 Saloon 2.0 D4 Momentum 4dr Geartronic [2019],£209.99,24,"5,000"
"£1,889.91 ex VAT",Mitsubishi Eclipse Cross Hatchback 1.5 4 5dr CVT 4WD [2018],£209.99,48,"5,000"
"£1,907.91 ex VAT",BMW 1 Series Hatchback 118i [1.5] M Sport 5dr [Nav/Servotronic] [2018.75],£211.99,48,"5,000"
"£1,907.91 ex VAT",Mitsubishi Outlander Suv 2.2 DI-D 2 5dr [2018],£211.99,48,"5,000"
"£1,907.91 ex VAT",Mercedes-Benz A Class Hatchback A180d AMG Line 5dr Auto [2019],£211.99,48,"8,000"
"£1,916.91 ex VAT",Volvo S90 Saloon 2.0 T4 Momentum 4dr Geartronic [2019],£212.99,24,"5,000"
"£1,916.91 ex VAT",Lexus Ct Hatchback 200h 1.8 SE 5dr CVT [Plus Pack] [2018.5],£212.99,36,"8,000"
"£1,916.91 ex VAT",Audi A3 Saloon 1.5 TFSI Sport 4dr S Tronic [2018],£212.99,48,"5,000"
"£1,916.91 ex VAT",Audi Q3 Estate 1.4T FSI Sport 5dr S Tronic [2018],£212.99,48,"5,000"
"£1,916.91 ex VAT",Mercedes-Benz A Class Hatchback A200 Sport 5dr Auto [2019],£212.99,48,"5,000"
"£1,916.91 ex VAT",Mini Clubman Estate 2.0 Cooper S 6dr [2018.75],£212.99,48,"5,000"
"£1,916.91 ex VAT",Jaguar E-pace Estate 2.0d 5dr Auto [2019],£212.99,48,"5,000"
"£1,925.91 ex VAT",Audi A3 Saloon 1.0 TFSI S Line 4dr S Tronic [2018],£213.99,48,"5,000"
"£1,925.91 ex VAT",BMW 1 Series Hatchback 118i [1.5] M Sport 5dr [Nav/Servotronic] Step Auto [2018.75],£213.99,48,"5,000"
"£1,925.91 ex VAT",Toyota Prius Hatchback 1.8 VVTi Business Edition 5dr CVT [2018],£213.99,48,"5,000"
"£1,925.91 ex VAT",Volkswagen Touran Mpv 2.0 TDI SE 5dr [2018],£213.99,48,"5,000"
"£1,925.91 ex VAT",Mercedes-Benz A Class Hatchback A180d Sport Executive 5dr Auto [2019],£213.99,48,"8,000"
"£1,934.91 ex VAT",Audi A3 Hatchback 1.0 TFSI Sport 5dr S Tronic [2018],£214.99,48,"5,000"
"£1,934.91 ex VAT",Toyota Prius Hatchback 1.8 VVTi Active 5dr CVT [Nav] [2018],£214.99,48,"5,000"
"£1,934.91 ex VAT",Volkswagen Passat Estate 2.0 TDI GT 5dr [Panoramic Roof] [2018],£214.99,48,"5,000"
"£1,934.91 ex VAT",Volkswagen T-roc Hatchback 1.5 TSI EVO SE 5dr [2018],£214.99,48,"5,000"
"£1,943.91 ex VAT",Audi Q3 Estate 1.4T FSI S Line Edition 5dr [2018],£215.99,48,"5,000"
"£1,943.91 ex VAT",Ford Kuga Suv 2.0 TDCi 180 ST-Line 5dr Auto [2018],£215.99,48,"8,000"
"£1,943.91 ex VAT",Jaguar E-pace Estate 2.0d [180] 5dr Auto [2019],£215.99,48,"5,000"
"£1,951.56 ex VAT",Skoda Karoq Estate 2.0 TDI SE 4x4 5dr [2018],£216.84,48,"8,000"
"£1,952.91 ex VAT",Jaguar Xf Saloon 2.0i [250] Prestige 4dr Auto [2019],£216.99,48,"5,000"
"£1,952.91 ex VAT",Peugeot 5008 Estate 1.5 BlueHDi Active 5dr [2018.5],£216.99,48,"5,000"
"£1,961.91 ex VAT",BMW 3 Series Saloon 320i M Sport 4dr [2018.5],£217.99,48,"8,000"
"£1,961.91 ex VAT",Seat Ateca Estate 2.0 TDI Xcellence 5dr 4Drive [2018],£217.99,48,"8,000"
"£1,970.91 ex VAT",Audi A3 Hatchback 1.0 TFSI S Line 5dr S Tronic [2018],£218.99,48,"5,000"
"£1,970.91 ex VAT",Jaguar Xe Saloon 2.0 [250] SE 4dr Auto [2019],£218.99,48,"5,000"
"£1,970.91 ex VAT",Renault Kadjar Hatchback 1.5 dCi Dynamique S Nav 5dr [2015],£218.99,48,"5,000"
"£1,970.91 ex VAT",Renault Kadjar Hatchback 1.5 dCi Signature Nav 5dr [2015],£218.99,48,"5,000"
"£1,970.91 ex VAT",Toyota Verso Mpv 1.6 V-matic Icon TSS 5dr [2017],£218.99,48,"5,000"
"£1,970.91 ex VAT",Volkswagen Passat Saloon 2.0 TDI GT 4dr DSG [Panoramic Roof] [7 Speed] [2018],£218.99,48,"5,000"
"£1,970.91 ex VAT",Volkswagen Touran Mpv 2.0 TDI SE 5dr DSG [2018],£218.99,48,"5,000"
"£1,970.91 ex VAT",Jaguar E-pace Estate 2.0d R-Dynamic 5dr Auto [2019],£218.99,48,"5,000"
"£1,974.78 ex VAT",Skoda Superb Estate 2.0 TSI Sport Line 5dr DSG [2018],£219.42,24,"8,000"
"£1,979.91 ex VAT",Mercedes-Benz A Class Hatchback A180d AMG Line Executive 5dr Auto [2019],£219.99,48,"5,000"
"£1,979.91 ex VAT",Mercedes-Benz A Class Hatchback A180d AMG Line Executive 5dr Auto [2019],£219.99,48,"5,000"
"£1,979.91 ex VAT",Audi A3 Saloon 1.6 TDI 116 Sport 4dr S Tronic [2018],£219.99,48,"5,000"
"£1,979.91 ex VAT",Jaguar Xe Saloon 2.0 [250] Prestige 4dr Auto [2019],£219.99,48,"5,000"
"£1,979.91 ex VAT",Mercedes-Benz A Class Hatchback A200 Sport Executive 5dr Auto [2019],£219.99,48,"5,000"
"£1,979.91 ex VAT",Peugeot 3008 Estate 1.5 BlueHDi GT Line 5dr [2018.5],£219.99,48,"5,000"
"£1,980.00 ex VAT",BMW 3 Series Saloon 320d M Sport 4dr [2018.5],£220.00,48,"8,000"
"£1,988.91 ex VAT",Mercedes-Benz Cla Class Coupe CLA 200d AMG Line 4dr [2018.5],£220.99,24,"5,000"
"£1,988.91 ex VAT",Volvo S90 Saloon 2.0 T4 R DESIGN 4dr Geartronic [2019],£220.99,24,"5,000"
"£1,988.91 ex VAT",Audi Q3 Estate 2.0T FSI Quattro Sport 5dr S Tronic [2018],£220.99,48,"5,000"
"£1,988.91 ex VAT",Nissan X-trail Suv 1.6 dCi N-Connecta 5dr [2017],£220.99,48,"5,000"
"£1,988.91 ex VAT",Volkswagen T-roc Hatchback 1.5 TSI EVO Design 5dr [2018],£220.99,48,"5,000"
"£1,988.91 ex VAT",Volvo Xc40 Estate 1.5 T3 Momentum 5dr [2019],£220.99,48,"5,000"
"£1,997.91 ex VAT",Audi A3 Hatchback 1.5 TFSI Sport 5dr [2018],£221.99,48,"5,000"
"£1,997.91 ex VAT",Jaguar E-pace Estate 2.0d [180] R-Dynamic 5dr Auto [2019],£221.99,48,"5,000"
"£1,997.91 ex VAT",Peugeot 5008 Estate 1.5 BlueHDi Allure 5dr [2018.5],£221.99,36,"5,000"
"£1,997.91 ex VAT",BMW X2 Hatchback sDrive 18d SE 5dr [2018.75],£221.99,48,"5,000"
"£1,997.91 ex VAT",Toyota Prius Hatchback 1.8 VVTi Business Edition 5dr CVT [Nav] [2018],£221.99,48,"5,000"
"£1,997.91 ex VAT",Mini Hatchback Hatchback 2.0 John Cooper Works II 3dr [Chili/Nav+ Pack] [2018.5],£221.99,48,"8,000"
"£2,006.91 ex VAT",Audi A3 Saloon 1.5 TFSI Black Edition 4dr [2018],£222.99,48,"5,000"
"£2,006.91 ex VAT",Audi Q2 Estate 1.4 TFSI Sport 5dr [2018],£222.99,48,"5,000"
"£2,006.91 ex VAT",BMW 2 Series Coupe 218i Sport 2dr [Nav] Step Auto [2018.5],£222.99,48,"5,000"
"£2,006.91 ex VAT",Kia Sportage Suv 1.6 CRDi ISG GT-Line 5dr DCT Auto [AWD] [2019],£222.99,48,"5,000"
"£2,006.91 ex VAT",Toyota Verso Mpv 1.6 D-4D Icon TSS 5dr [2017],£222.99,48,"5,000"
"£2,006.91 ex VAT",Volkswagen Tiguan Estate 2.0 TDi BMT 150 4Motion SE Nav 5dr [2018],£222.99,48,"5,000"
"£2,015.91 ex VAT",Audi Q2 Estate 1.6 TDI SE 5dr [2018],£223.99,48,"5,000"
"£2,015.91 ex VAT",Audi Q3 Estate 2.0 TDI Sport 5dr [2018],£223.99,48,"5,000"
"£2,015.91 ex VAT",Kia Sportage Suv 1.6T GDi GT-Line S 5dr DCT Auto [AWD] [2019],£223.99,48,"5,000"
"£2,015.91 ex VAT",Volvo Xc40 Estate 2.0 D3 Momentum Pro 5dr [2019],£223.99,48,"5,000"
"£2,019.96 ex VAT",Skoda Kodiaq Estate 2.0 TDI SE L 4x4 5dr DSG [7 Seat] [2018],£224.44,24,"8,000"
"£2,024.91 ex VAT",Jaguar Xf Saloon 2.0i [250] Portfolio 4dr Auto [2019],£224.99,24,"5,000"
"£2,024.91 ex VAT",Audi Q3 Estate 1.4T FSI S Line Edition 5dr S Tronic [2018],£224.99,48,"5,000"
"£2,033.91 ex VAT",Audi A1 Hatchback S1 TFSI Quattro Nav 5dr [2018],£225.99,48,"5,000"
"£2,033.91 ex VAT",Hyundai Tucson Suv 1.6 CRDi 136 Premium SE 5dr 2WD ,£225.99,48,"5,000"
"£2,033.91 ex VAT",Lexus Ct Hatchback 200h 1.8 Luxury 5dr CVT [2018.5],£225.99,48,"5,000"
"£2,033.91 ex VAT",Toyota Verso Mpv 1.6 V-matic Icon TSS Nav 5dr [2017],£225.99,48,"5,000"
"£2,033.91 ex VAT",BMW 3 Series Saloon 320i M Sport 4dr [2018.5],£225.99,48,"8,000"
"£2,034.00 ex VAT",Jaguar Xe Saloon 2.0 Ingenium R-Sport 4dr Auto [2019],£226.00,48,"5,000"
"£2,042.91 ex VAT",Audi A3 Saloon 1.6 TDI 116 S Line 4dr [2018],£226.99,48,"5,000"
"£2,042.91 ex VAT",Audi A3 Hatchback 1.6 TDI 116 Sport 5dr [2018],£226.99,48,"5,000"
"£2,042.91 ex VAT",Audi Q3 Estate 2.0 TDI Black Edition 5dr [2018],£226.99,48,"5,000"
"£2,042.91 ex VAT",Nissan X-trail Suv 1.6 dCi N-Connecta 5dr [7 Seat] [2017],£226.99,48,"5,000"
"£2,051.91 ex VAT",Hyundai Tucson Suv 1.6 CRDi 136 Premium 5dr 2WD DCT ,£227.99,48,"5,000"
"£2,051.91 ex VAT",Volkswagen T-roc Hatchback 1.5 TSI EVO SE 5dr DSG [2018],£227.99,48,"5,000"
"£2,051.91 ex VAT",Volvo Xc40 Estate 1.5 T3 R DESIGN 5dr [2019],£227.99,48,"5,000"
"£2,060.91 ex VAT",Jaguar Xf Estate 2.0i R-Sport 5dr Auto [2019],£228.99,24,"5,000"
"£2,060.91 ex VAT",Audi Q2 Estate 1.0 TFSI Sport 5dr [2018],£228.99,48,"5,000"
"£2,060.91 ex VAT",Hyundai I40 Saloon 1.7 CRDi Blue Drive SE Nav 4dr DCT [2017],£228.99,48,"5,000"
"£2,060.91 ex VAT",Volkswagen Touran Mpv 1.2 TSI S 5dr [2018],£228.99,48,"5,000"
"£2,060.91 ex VAT",BMW 3 Series Saloon 320d M Sport 4dr Step Auto [2018.5],£228.99,48,"8,000"
"£2,068.92 ex VAT",Skoda Superb Estate 2.0 TDI CR Sport Line 5dr DSG [7 Speed] [2018],£229.88,48,"8,000"
"£2,069.91 ex VAT",Audi A3 Hatchback 1.5 TFSI Sport 5dr S Tronic [2018],£229.99,48,"5,000"
"£2,069.91 ex VAT",Audi Q3 Estate 2.0 TDI Quattro Sport 5dr [2018],£229.99,48,"5,000"
"£2,069.91 ex VAT",Mercedes-Benz A Class Hatchback A200 Sport Premium 5dr Auto [2019],£229.99,48,"5,000"
"£2,069.91 ex VAT",Volvo Xc40 Estate 2.0 D3 Momentum 5dr [2019],£229.99,48,"5,000"
"£2,070.00 ex VAT",Mercedes-Benz C Class Convertible C200 AMG Line 2dr 9G-Tronic [2019],£230.00,24,"5,000"
"£2,078.91 ex VAT",Volvo S90 Saloon 2.0 D4 R DESIGN 4dr Geartronic [2019],£230.99,24,"5,000"
"£2,078.91 ex VAT",Peugeot 5008 Estate 1.5 BlueHDi GT Line 5dr [2018.5],£230.99,36,"5,000"
"£2,078.91 ex VAT",Audi A3 Saloon 1.5 TFSI S Line 4dr [2018],£230.99,48,"5,000"
"£2,078.91 ex VAT",Audi A3 Hatchback 1.6 TDI 116 S Line 5dr [2018],£230.99,48,"5,000"
"£2,078.91 ex VAT",Audi Q2 Estate 1.6 TDI Sport 5dr [2018],£230.99,48,"5,000"
"£2,078.91 ex VAT",Jaguar Xf Saloon 2.0i [250] R-Sport 4dr Auto [2019],£230.99,48,"5,000"
"£2,078.91 ex VAT",Volkswagen Tiguan Allspace Estate 2.0 TDI SE Nav 5dr [2018],£230.99,48,"5,000"
"£2,078.91 ex VAT",Volkswagen Touran Mpv 1.6 TDI 115 S 5dr [2018],£230.99,48,"5,000"
"£2,087.91 ex VAT",Audi A3 Saloon 1.5 TFSI S Line 4dr S Tronic [2018],£231.99,48,"5,000"
"£2,087.91 ex VAT",Jaguar Xe Saloon 2.0 Ingenium SE 4dr Auto [2019],£231.99,48,"5,000"
"£2,087.91 ex VAT",Jaguar Xe Saloon 2.0 [250] Portfolio 4dr Auto [2019],£231.99,48,"5,000"
"£2,096.91 ex VAT",Audi Q3 Estate 2.0T FSI Quattro S Line Edition 5dr S Tronic [2018],£232.99,48,"5,000"
"£2,096.91 ex VAT",Jaguar Xe Saloon 2.0 Ingenium Portfolio 4dr Auto [2019],£232.99,48,"5,000"
"£2,096.91 ex VAT",Toyota Verso Mpv 1.8 V-matic Design 5dr M-Drive S [2017],£232.99,48,"5,000"
"£2,105.91 ex VAT",Jaguar Xe Saloon 2.0 Ingenium Prestige 4dr Auto [2019],£233.99,48,"5,000"
"£2,114.91 ex VAT",Audi A3 Saloon 1.5 TFSI Black Edition 4dr S Tronic [2018],£234.99,48,"5,000"
"£2,114.91 ex VAT",Audi Q3 Estate 2.0 TDI S Line Edition 5dr [2018],£234.99,48,"5,000"
"£2,114.91 ex VAT",BMW X2 Hatchback sDrive 18d Sport 5dr [2018.75],£234.99,48,"5,000"
"£2,114.91 ex VAT",Volvo Xc40 Estate 1.5 T3 Inscription 5dr [2019],£234.99,48,"5,000"
"£2,114.91 ex VAT",Alfa Romeo Giulia Saloon 2.0 TB 4dr Auto [2016],£234.99,48,"5,000"
"£2,114.91 ex VAT",Volvo Xc40 Estate 1.5 T3 Momentum Pro 5dr [2019],£234.99,48,"5,000"
"£2,114.91 ex VAT",Lexus Ct Hatchback 200h 1.8 Luxury 5dr CVT [Leather/Premium Nav] [2018.5],£234.99,48,"8,000"
"£2,123.91 ex VAT",Alfa Romeo Giulia Saloon 2.0 TB Super 4dr Auto [2016],£235.99,48,"5,000"
"£2,123.91 ex VAT",Audi A3 Hatchback 1.5 TFSI S Line 5dr S Tronic [2018],£235.99,48,"5,000"
"£2,123.91 ex VAT",Audi Q2 Estate 1.4 TFSI S Line 5dr [2018],£235.99,48,"5,000"
"£2,123.91 ex VAT",BMW X2 Hatchback sDrive 20i SE 5dr Step Auto [2018.75],£235.99,48,"5,000"
"£2,123.91 ex VAT",Hyundai Tucson Suv 1.6 CRDi 136 Premium SE 5dr 2WD DCT ,£235.99,48,"5,000"
"£2,123.91 ex VAT",Volkswagen Tiguan Estate 2.0 TDi BMT 150 4Motion SE Nav 5dr DSG [2018],£235.99,48,"5,000"
"£2,131.20 ex VAT",Skoda Kodiaq Estate 2.0 TSI SE L 4x4 5dr DSG [2018],£236.80,48,"8,000"
"£2,132.91 ex VAT",Audi A3 Convertible 1.5 TFSI Sport 2dr [2018],£236.99,48,"5,000"
"£2,132.91 ex VAT",Land Rover Range Rover Evoque Suv 2.0 eD4 SE 5dr 2WD [2019],£236.99,48,"5,000"
"£2,132.91 ex VAT",Toyota Prius Hatchback 1.8 VVTi Excel 5dr CVT [15 inch alloy] [2018],£236.99,48,"5,000"
"£2,132.91 ex VAT",BMW 3 Series Estate 320i M Sport 5dr Step Auto [2018.5],£236.99,48,"8,000"
"£2,138.76 ex VAT",Mercedes-Benz A Class Hatchback A200 AMG Line Executive 5dr Auto [2019],£237.64,48,"5,000"
"£2,141.91 ex VAT",Land Rover Discovery Sport Suv 2.0 eD4 SE 5dr 2WD [5 seat] [2019],£237.99,48,"5,000"
"£2,150.91 ex VAT",Audi A5 Hatchback 1.4 TFSI Sport 5dr S Tronic [Tech Pack] [2018],£238.99,24,"5,000"
"£2,150.91 ex VAT",Volvo S90 Saloon 2.0 T4 Inscription 4dr Geartronic [2019],£238.99,24,"5,000"
"£2,150.91 ex VAT",Alfa Romeo Giulia Saloon 2.2 JTDM-2 Super 4dr Auto [2016],£238.99,48,"5,000"
"£2,150.91 ex VAT",Audi A4 Saloon 1.4T FSI SE 4dr [2018],£238.99,48,"5,000"
"£2,150.91 ex VAT",Audi A6 Estate 1.8 TFSI SE Executive 5dr S Tronic [Tech Pack] [2018],£238.99,48,"5,000"
"£2,150.91 ex VAT",Volvo V60 Estate 2.0 D4 [190] Momentum 5dr [2019],£238.99,48,"5,000"
"£2,159.91 ex VAT",Audi A5 Hatchback 2.0 TFSI Sport 5dr [2018],£239.99,24,"5,000"
"£2,159.91 ex VAT",Audi A3 Hatchback 2.0 TDI Sport 5dr [2018],£239.99,48,"5,000"
"£2,159.91 ex VAT",Audi A6 Saloon 1.8 TFSI S Line 4dr S Tronic [Tech Pack] [2018],£239.99,48,"5,000"
"£2,159.91 ex VAT",Audi A6 Saloon 2.0 TDI Ultra SE Executive 4dr [Tech Pack] [2018],£239.99,48,"5,000"
"£2,159.91 ex VAT",Mercedes-Benz A Class Hatchback A180d AMG Line Premium Plus 5dr Auto [2019],£239.99,48,"5,000"
"£2,159.91 ex VAT",Toyota Prius Hatchback 1.8 VVTi Excel 5dr CVT [2018],£239.99,48,"5,000"
"£2,159.91 ex VAT",Toyota Rav4 Suv 2.5 VVT-i Hybrid Excel TSS 5dr CVT [Nav] 2WD [2018],£239.99,48,"5,000"
"£2,168.91 ex VAT",Audi A3 Saloon 2.0 TFSI S Line 4dr [2018],£240.99,48,"5,000"
"£2,168.91 ex VAT",Audi A5 Coupe 1.4 TFSI Sport 2dr S Tronic [2018],£240.99,48,"5,000"
"£2,168.91 ex VAT",BMW 3 Series Estate 320d M Sport 5dr Step Auto [2018.5],£240.99,48,"8,000"
"£2,177.91 ex VAT",Jaguar Xe Saloon 2.0d Portfolio 4dr Auto [2019],£241.99,24,"5,000"
"£2,177.91 ex VAT",BMW 1 Series Hatchback 116d M Sport Shadow Ed 3dr Step Auto [2018.75],£241.99,48,"5,000"
"£2,177.91 ex VAT",BMW 1 Series Hatchback M140i Shadow Edition 5dr Step Auto [2018.75],£241.99,48,"5,000"
"£2,177.91 ex VAT",Jaguar Xe Saloon 2.0d [180] R-Sport 4dr Auto [2019],£241.99,48,"5,000"
"£2,177.91 ex VAT",Volkswagen Touran Mpv 1.2 TSI SE 5dr [2018],£241.99,48,"5,000"
"£2,177.91 ex VAT",Volkswagen Touran Mpv 1.6 TDI 115 S 5dr DSG [2018],£241.99,48,"5,000"
"£2,184.66 ex VAT",Skoda Superb Hatchback 2.0 TSI Laurin + Klement 5dr DSG [2018],£242.74,48,"8,000"
"£2,185.65 ex VAT",Volkswagen Golf Hatchback 2.0 TSI 310 R 5dr 4MOTION [2018],£242.85,36,"5,000"
"£2,186.91 ex VAT",Audi A5 Hatchback 2.0 TFSI S Line 5dr [2018],£242.99,24,"5,000"
"£2,186.91 ex VAT",Audi A3 Convertible 1.5 TFSI S Line 2dr [2018],£242.99,48,"5,000"
"£2,186.91 ex VAT",Audi A3 Hatchback 2.0 TDI S Line 5dr [2018],£242.99,48,"5,000"
"£2,186.91 ex VAT",Seat Alhambra Mpv 2.0 TDI CR Ecomotive SE [150] 5dr [2018],£242.99,48,"5,000"
"£2,186.91 ex VAT",Seat Alhambra Mpv 2.0 TDI CR S [150] 5dr DSG [2018],£242.99,48,"5,000"
"£2,195.91 ex VAT",Volvo V60 Estate 2.0 T5 Momentum 5dr Auto [2019],£243.99,24,"5,000"
"£2,195.91 ex VAT",BMW 2 Series Coupe 218d SE 2dr Step Auto [Nav] [2018.5],£243.99,48,"5,000"
"£2,195.91 ex VAT",BMW X2 Hatchback sDrive 20i Sport 5dr Step Auto [2018.75],£243.99,48,"5,000"
"£2,195.91 ex VAT",Jaguar Xe Saloon 2.0 [250] R-Sport 4dr Auto [2019],£243.99,48,"5,000"
"£2,195.91 ex VAT",Mercedes-Benz A Class Hatchback A200 Sport Premium Plus 5dr Auto [2019],£243.99,48,"5,000"
"£2,195.91 ex VAT",Volvo Xc40 Estate 2.0 D3 R DESIGN 5dr [2019],£243.99,48,"5,000"
"£2,204.91 ex VAT",Volvo Xc60 Estate 2.0 T5 [250] Momentum 5dr AWD Geartronic [2019],£244.99,24,"8,000"
"£2,204.91 ex VAT",Jaguar Xe Saloon 2.0d [180] Portfolio 4dr Auto [2019],£244.99,48,"5,000"
"£2,204.91 ex VAT",Jaguar Xf Saloon 2.0d Portfolio 4dr [2019],£244.99,48,"5,000"
"£2,204.91 ex VAT",Toyota Verso Mpv 1.6 D-4D Icon TSS Nav/Leather 5dr [2017],£244.99,48,"5,000"
"£2,213.91 ex VAT",Audi A3 Convertible 2.0 TDI Sport 2dr [2018],£245.99,48,"5,000"
"£2,222.91 ex VAT",Audi A5 Hatchback 1.4 TFSI S Line 5dr S Tronic [Tech Pack] [2018],£246.99,24,"5,000"
"£2,222.91 ex VAT",Alfa Romeo Giulia Saloon 2.2 JTDM-2 180 Super 4dr Auto [2016],£246.99,48,"5,000"
"£2,222.91 ex VAT",Audi A3 Convertible 1.5 TFSI Sport 2dr S Tronic [2018],£246.99,48,"5,000"
"£2,222.91 ex VAT",BMW 4 Series Gran Coupe 420i Sport 5dr Auto [Business Media] [2018.75],£246.99,48,"5,000"
"£2,222.91 ex VAT",Mercedes-Benz C Class Estate C200 SE 5dr 9G-Tronic [2019],£246.99,48,"10,000"
"£2,231.91 ex VAT",BMW X2 Hatchback sDrive 20i M Sport X 5dr Step Auto [2018.5],£247.99,24,"8,000"
"£2,231.91 ex VAT",Audi A5 Coupe 2.0 TFSI Sport 2dr [2018],£247.99,48,"5,000"
"£2,231.91 ex VAT",Jaguar Xf Saloon 2.0d Prestige 4dr Auto [2019],£247.99,48,"5,000"
"£2,231.91 ex VAT",Volvo Xc40 Estate 1.5 T3 Inscription Pro 5dr [2019],£247.99,48,"5,000"
"£2,231.91 ex VAT",BMW 3 Series Saloon 320d xDrive M Sport 4dr Step Auto [2018.5],£247.99,48,"8,000"
"£2,240.91 ex VAT",Audi A5 Coupe 1.4 TFSI Sport 2dr S Tronic [Tech Pack] [2018],£248.99,48,"5,000"
"£2,240.91 ex VAT",Audi Q3 Estate 2.0 TDI Quattro S Line Edition 5dr [2018],£248.99,48,"5,000"
"£2,240.91 ex VAT",BMW 1 Series Hatchback 116d M Sport Shadow Ed 5dr Step Auto [2018.75],£248.99,48,"5,000"
"£2,240.91 ex VAT",BMW X2 Hatchback sDrive 18d M Sport 5dr Step Auto [2018.75],£248.99,48,"5,000"
"£2,240.91 ex VAT",Volkswagen T-roc Hatchback 1.5 TSI EVO SEL 5dr DSG [2018],£248.99,48,"5,000"
"£2,240.91 ex VAT",Volkswagen Tiguan Estate 2.0 TDi BMT 150 SE Nav 5dr DSG [2018],£248.99,48,"5,000"
"£2,240.91 ex VAT",Volvo Xc40 Estate 2.0 D3 Momentum 5dr Geartronic [2019],£248.99,48,"5,000"
"£2,240.91 ex VAT",Jaguar E-pace Estate 2.0d [180] SE 5dr Auto [2019],£248.99,48,"5,000"
"£2,249.91 ex VAT",Volvo V90 Estate 2.0 D4 R DESIGN 5dr Geartronic [2019],£249.99,24,"5,000"
"£2,249.91 ex VAT",Audi A3 Hatchback 2.0 TDI Sport 5dr S Tronic [7 Speed] [2018],£249.99,48,"5,000"
"£2,249.91 ex VAT",Land Rover Discovery Sport Suv 2.0 eD4 SE Tech 5dr 2WD [5 Seat] [2019],£249.99,48,"5,000"
"£2,249.91 ex VAT",Nissan Leaf Hatchback Acenta 5dr Auto [2018],£249.99,48,"8,000"
"£2,258.91 ex VAT",BMW X2 Hatchback sDrive 20i M Sport 5dr Step Auto [2018.5],£250.99,24,"8,000"
"£2,258.91 ex VAT",BMW I3 Hatchback 94Ah Range Extender 5dr Auto [2018],£250.99,48,"5,000"
"£2,258.91 ex VAT",Nissan X-trail Suv 1.6 dCi N-Connecta 5dr 4WD [2017],£250.99,48,"5,000"
"£2,258.91 ex VAT",Volvo Xc40 Estate 1.5 T3 R DESIGN Pro 5dr [2019],£250.99,48,"5,000"
"£2,258.91 ex VAT",Volvo Xc40 Estate 2.0 D3 Inscription 5dr [2019],£250.99,48,"5,000"
"£2,267.91 ex VAT",Audi Q3 Estate 1.4T FSI Black Edition 5dr [2018],£251.99,48,"5,000"
"£2,267.91 ex VAT",Toyota Rav4 Suv 2.0 D-4D Design TSS 5dr 2WD [2018],£251.99,48,"5,000"
"£1,603.52 ex VAT",BMW 4 Series Coupe 420i M Sport 2dr Auto [Professional Media] [2018.75],£267.25,48,"10,000"
"£2,276.91 ex VAT",Alfa Romeo Giulia Saloon 2.2 JTDM-2 180 Speciale 4dr Auto [2016],£252.99,48,"5,000"
"£2,276.91 ex VAT",Toyota Rav4 Suv 2.5 VVT-i Hybrid Design TSS 5dr CVT [2018],£252.99,48,"5,000"
"£2,276.91 ex VAT",BMW 3 Series Estate 320d xDrive M Sport 5dr Step Auto [2018.5],£252.99,48,"8,000"
"£2,285.91 ex VAT",Mercedes-Benz C Class Saloon C200 Sport 4dr 9G-Tronic [2019],£253.99,48,"10,000"
"£2,285.91 ex VAT",Audi A3 Hatchback 2.0 TDI S Line 5dr S Tronic [7 Speed] [2018],£253.99,48,"5,000"
"£2,285.91 ex VAT",Mercedes-Benz C Class Estate C200 AMG Line 5dr 9G-Tronic [2018],£253.99,48,"10,000"
"£2,294.91 ex VAT",Audi A4 Saloon 1.4T FSI S Line 4dr [Leather/Alc] [2018],£254.99,48,"5,000"
"£2,294.91 ex VAT",BMW X2 Hatchback sDrive 18d M Sport 5dr [2018.75],£254.99,48,"5,000"
"£2,294.91 ex VAT",Land Rover Range Rover Evoque Suv 2.0 eD4 SE Tech 5dr 2WD [2019],£254.99,48,"5,000"
"£2,294.91 ex VAT",Mercedes-Benz Glc Estate GLC 220d 4Matic Urban Edition 5dr 9G-Tronic ,£254.99,48,"5,000"
"£2,296.71 ex VAT",Skoda Superb Estate 2.0 TSI Laurin + Klement 5dr DSG [2018],£255.19,48,"8,000"
"£2,303.91 ex VAT",Audi A3 Convertible 2.0 TDI Sport 2dr S Tronic [7 Speed] [2018],£255.99,48,"5,000"
"£2,303.91 ex VAT",Audi A5 Coupe 2.0 TFSI S Line 2dr [2018],£255.99,48,"5,000"
"£2,303.91 ex VAT",Jaguar Xf Saloon 2.0d Portfolio 4dr Auto [2019],£255.99,48,"5,000"
"£2,303.91 ex VAT",Volvo Xc60 Estate 2.0 D4 Momentum 5dr AWD [2019],£255.99,48,"5,000"
"£2,312.91 ex VAT",Audi A5 Hatchback 2.0 TFSI S Line 5dr S Tronic [2018],£256.99,24,"5,000"
"£2,312.91 ex VAT",BMW 2 Series Coupe M240i 2dr [Nav] Step Auto [2018.5],£256.99,48,"5,000"
"£2,312.91 ex VAT",BMW X2 Hatchback xDrive 20d SE 5dr Step Auto [2018.75],£256.99,48,"5,000"
"£2,312.91 ex VAT",Jaguar Xf Saloon 2.0d R-Sport 4dr Auto [2019],£256.99,48,"5,000"
"£2,312.91 ex VAT",Lexus Is Saloon 300h Executive Edition 4dr CVT Auto [2018],£256.99,48,"5,000"
"£2,312.91 ex VAT",Nissan X-trail Suv 1.6 dCi Tekna 5dr 4WD [2017],£256.99,48,"5,000"
"£2,321.91 ex VAT",Audi A5 Coupe 1.4 TFSI S Line 2dr S Tronic [Tech Pack] [2018],£257.99,48,"5,000"
"£2,321.91 ex VAT",Audi A6 Saloon 2.0 TDI Ultra S Line 4dr [Tech Pack] [2018],£257.99,48,"5,000"
"£2,321.91 ex VAT",BMW 4 Series Coupe 420d [190] M Sport 2dr Auto [Professional Media] [2018.75],£257.99,48,"10,000"
"£2,330.91 ex VAT",Audi A5 Coupe 1.4 TFSI S Line 2dr S Tronic [2018],£258.99,24,"5,000"
"£2,330.91 ex VAT",Audi A6 Saloon 2.0 TDI Ultra S Line 4dr S Tronic [2018],£258.99,48,"5,000"
"£2,330.91 ex VAT",Jaguar Xe Saloon 2.0d [180] Prestige 4dr Auto [2019],£258.99,48,"5,000"
"£2,331.00 ex VAT",Mercedes-Benz Glc Estate GLC 250 4Matic Urban Edition 5dr 9G-Tronic ,£259.00,24,"8,000"
"£2,339.91 ex VAT",Volvo V90 Estate 2.0 T4 R DESIGN 5dr Geartronic [2019],£259.99,24,"5,000"
"£2,339.91 ex VAT",Nissan X-trail Suv 1.6 dCi Tekna 5dr [7 Seat] [2017],£259.99,48,"5,000"
"£2,339.91 ex VAT",Mercedes-Benz C Class Saloon C200 SE 4dr 9G-Tronic [2019],£259.99,48,"10,000"
"£2,348.91 ex VAT",Seat Ateca Estate 2.0 TDI Xcellence 5dr DSG 4Drive [2018],£260.99,48,"5,000"
"£2,357.91 ex VAT",Seat Alhambra Mpv 2.0 TDI CR SE [150] 5dr DSG [2018],£261.99,48,"5,000"
"£2,357.91 ex VAT",Volvo Xc40 Estate 2.0 D3 Momentum Pro 5dr Geartronic [2019],£261.99,48,"5,000"
"£2,357.91 ex VAT",Audi A6 Estate 2.0 TDI Ultra Black Edition 5dr [2018],£261.99,48,"5,000"
"£2,357.91 ex VAT",Mercedes-Benz C Class Saloon C200 AMG Line 4dr 9G-Tronic [2018],£261.99,48,"10,000"
"£2,366.91 ex VAT",Audi A3 Convertible 1.6 TDI 116 S Line 2dr [2018],£262.99,48,"5,000"
"£2,366.91 ex VAT",Volkswagen Golf Sv Hatchback 1.5 TSI EVO 150 GT 5dr DSG [2018.5],£262.99,48,"5,000"
"£2,366.91 ex VAT",BMW 4 Series Gran Coupe 420d [190] M Sport 5dr Auto [Professional Media] [2018.75],£262.99,48,"10,000"
"£1,753.80 ex VAT",BMW 4 Series Gran Coupe 420i M Sport 5dr Auto [Professional Media] [2018.75],£292.30,24,"10,000"
"£2,375.91 ex VAT",Land Rover Discovery Sport Suv 2.0 eD4 HSE 5dr 2WD [5 Seat] [2019],£263.99,48,"5,000"
"£2,375.91 ex VAT",Audi A6 Saloon 2.0 TDI Ultra S Line 4dr S Tronic [Tech pack] [2018],£263.99,48,"5,000"
"£2,375.91 ex VAT",Audi Q2 Estate 2.0 TDI Quattro Sport 5dr S Tronic [2018],£263.99,48,"5,000"
"£2,384.91 ex VAT",Audi A3 Convertible 1.5 TFSI S Line 2dr S Tronic [2018],£264.99,48,"5,000"
"£2,384.91 ex VAT",Audi A4 Saloon 1.4T FSI Black Edition 4dr [2018],£264.99,48,"5,000"
"£2,384.91 ex VAT",Audi A5 Coupe 2.0 TDI Ultra Sport 2dr [2018],£264.99,48,"5,000"
"£2,384.91 ex VAT",Mercedes-Benz Glc Estate GLC 220d 4Matic AMG Line 5dr 9G-Tronic [2018.5],£264.99,48,"5,000"
"£2,393.91 ex VAT",Jaguar Xe Saloon 2.0d Prestige 4dr Auto [2019],£265.99,48,"5,000"
"£2,402.91 ex VAT",Audi A5 Coupe 2.0 TFSI S Line 2dr S Tronic [2018],£266.99,48,"5,000"
"£2,402.91 ex VAT",Volkswagen Tiguan Allspace Estate 2.0 TDI SEL 5dr [2018],£266.99,48,"5,000"
"£2,402.91 ex VAT",Nissan Leaf Hatchback N-Connecta 5dr Auto [2018],£266.99,48,"8,000"
"£2,411.91 ex VAT",Audi Q3 Estate 2.0 TDI Quattro Black Edition 5dr [2018],£267.99,48,"5,000"
"£2,411.91 ex VAT",Lexus Ct Hatchback 200h 1.8 Premier 5dr CVT [2018.5],£267.99,48,"5,000"
"£2,411.91 ex VAT",Volvo Xc60 Estate 2.0 D4 Momentum 5dr AWD Geartronic [2019],£267.99,48,"5,000"
"£2,420.91 ex VAT",Audi A3 Saloon 2.0 TFSI Quattro Black Edition 4dr S Tronic [2018],£268.99,48,"5,000"
"£2,420.91 ex VAT",Audi A5 Hatchback 2.0 TDI 150 Sport 5dr [2018],£268.99,48,"5,000"
"£2,420.91 ex VAT",BMW 5 Series Saloon 520i SE 4dr Auto [2018.75],£268.99,48,"5,000"
"£2,420.91 ex VAT",Kia Sorento Suv 2.2 CRDi KX-2 5dr Auto [2018],£268.99,48,"5,000"
"£2,429.91 ex VAT",Mercedes-Benz C Class Convertible C200 AMG Line Premium 2dr 9G-Tronic [2019],£269.99,24,"5,000"
"£2,429.91 ex VAT",Mercedes-Benz C Class Convertible C200 AMG Line Premium Plus 2dr 9G-Tronic [2019],£269.99,24,"5,000"
"£2,438.91 ex VAT",Volvo Xc40 Estate 2.0 D3 Inscription 5dr AWD [2019],£270.99,48,"5,000"
"£2,447.91 ex VAT",Audi A6 Estate 1.8 TFSI S Line 5dr S Tronic [2018],£271.99,36,"5,000"
"£2,447.91 ex VAT",Mercedes-Benz E Class Coupe E220d AMG Line 2dr 9G-Tronic [2019],£271.99,36,"5,000"
"£2,447.91 ex VAT",Volkswagen T-roc Hatchback 1.5 TSI EVO R Line 5dr DSG [2018],£271.99,48,"5,000"
"£2,456.91 ex VAT",BMW 4 Series Gran Coupe 420d [190] Sport 5dr [Professional Media] [2018.75],£272.99,48,"5,000"
"£2,465.91 ex VAT",Audi A5 Hatchback 2.0 TDI Ultra Sport 5dr [2018],£273.99,48,"5,000"
"£2,474.91 ex VAT",Audi A5 Coupe 2.0 TFSI S Line 2dr S Tronic [Tech Pack] [2018],£274.99,48,"5,000"
"£2,474.91 ex VAT",Mercedes-Benz Glc Estate GLC 220d 4Matic Sport 5dr 9G-Tronic [2019],£274.99,48,"5,000"
"£2,474.91 ex VAT",Toyota Rav4 Suv 2.0 V-matic 143 Design TSS 5dr CVT [2018.5],£274.99,48,"5,000"
"£2,474.91 ex VAT",Volkswagen Touran Mpv 2.0 TDI R Line 5dr [2018],£274.99,48,"5,000"
"£2,474.91 ex VAT",Volvo V60 Estate 2.0 D4 [190] Inscription 5dr [2019],£274.99,48,"5,000"
"£2,483.91 ex VAT",Lexus Is Saloon 300h Advance 4dr CVT Auto [2018],£275.99,48,"5,000"
"£2,483.91 ex VAT",Toyota Rav4 Suv 2.0 D-4D Excel TSS 5dr [Nav] 2WD [2018],£275.99,48,"5,000"
"£2,483.91 ex VAT",Toyota Rav4 Suv 2.0 V-matic 143 Excel TSS 5dr [Nav] CVT [2018.5],£275.99,48,"5,000"
"£2,492.91 ex VAT",BMW 5 Series Saloon 520i M Sport 4dr Auto [2018.75],£276.99,36,"5,000"
"£2,492.91 ex VAT",BMW 4 Series Coupe 420i Sport 2dr Auto [Professional Media] [2018.75],£276.99,48,"5,000"
"£2,492.91 ex VAT",Lexus Ct Hatchback 200h 1.8 Premier 5dr CVT [Sunroof] [2018.5],£276.99,48,"5,000"
"£2,492.91 ex VAT",Volkswagen T-roc Hatchback 2.0 TDI SEL 4MOTION 5dr [2018],£276.99,48,"5,000"
"£2,510.91 ex VAT",Jaguar Xf Saloon 2.0d [180] Portfolio 4dr Auto [2019],£278.99,48,"5,000"
"£2,511.00 ex VAT",Land Rover Range Rover Velar Estate 2.0 D180 5dr Auto [2019],£279.00,48,"5,000"
"£2,519.91 ex VAT",Mercedes-Benz E Class Convertible E220d AMG Line 2dr 9G-Tronic [2019],£279.99,24,"5,000"
"£2,528.91 ex VAT",Audi A4 Saloon 2.0 TDI Ultra SE 4dr [2018],£280.99,48,"5,000"
"£2,528.91 ex VAT",BMW I3 Hatchback 94Ah 5dr Auto [Lodge Interior World] [2018],£280.99,48,"5,000"
"£2,528.91 ex VAT",Land Rover Discovery Sport Estate 2.0 Si4 240 SE 5dr Auto [2019],£280.99,48,"5,000"
"£2,537.91 ex VAT",Audi A5 Convertible 2.0T FSI Sport 2dr [2018],£281.99,48,"5,000"
"£2,546.91 ex VAT",Jaguar F-pace Estate 2.0d [163] Prestige 5dr [2018],£282.99,48,"5,000"
"£2,546.91 ex VAT",Nissan Leaf Hatchback Tekna 5dr Auto [2018],£282.99,48,"8,000"
"£2,550.69 ex VAT",BMW 4 Series Gran Coupe 420d [190] Sport 5dr Auto [Professional Media] [2018.75],£283.41,48,"5,000"
"£2,555.91 ex VAT",Volvo Xc60 Estate 2.0 T5 [250] R DESIGN 5dr AWD Geartronic [2019],£283.99,24,"5,000"
"£2,555.91 ex VAT",Audi A4 Saloon 2.0T FSI Sport 4dr S Tronic [Leather] [2018],£283.99,48,"5,000"
"£2,555.91 ex VAT",Audi A5 Coupe 2.0 TDI S Line 2dr S Tronic [2018],£283.99,48,"5,000"
"£2,555.91 ex VAT",Audi A5 Coupe 2.0 TDI Ultra S Line 2dr S Tronic [2018],£283.99,48,"5,000"
"£2,555.91 ex VAT",Volvo V60 Estate 2.0 D3 Inscription 5dr [2019],£283.99,48,"5,000"
"£2,564.91 ex VAT",Mercedes-Benz E Class Convertible E300 AMG Line 2dr 9G-Tronic [2019],£284.99,24,"5,000"
"£2,573.91 ex VAT",Audi A5 Hatchback 2.0 TDI Ultra Sport 5dr S Tronic [2018],£285.99,48,"5,000"
"£2,573.91 ex VAT",BMW 4 Series Coupe 420d [190] Sport 2dr [Professional Media] [2018.75],£285.99,48,"5,000"
"£2,573.91 ex VAT",Volkswagen Touran Mpv 2.0 TDI R Line 5dr DSG [2018],£285.99,48,"5,000"
"£2,573.91 ex VAT",Mercedes-Benz C Class Saloon C220d AMG Line 4dr 9G-Tronic [2019],£285.99,48,"10,000"
"£1,912.69 ex VAT",BMW 4 Series Convertible 420i M Sport 2dr Auto [Professional Media] [2018.75],£318.78,24,"10,000"
"£2,591.91 ex VAT",Audi A4 Saloon 2.0T FSI S Line 4dr S Tronic [Leather/Alc] [2018],£287.99,48,"5,000"
"£2,591.91 ex VAT",Land Rover Range Rover Evoque Suv 2.0 TD4 SE 5dr [2019],£287.99,48,"5,000"
"£2,600.91 ex VAT",Mercedes-Benz C Class Coupe C200 AMG Line 2dr 9G-Tronic [2019],£288.99,24,"10,000"
"£2,600.91 ex VAT",Mercedes-Benz C Class Convertible C200 4Matic AMG Line Premium 2dr 9G-Tronic [2019],£288.99,48,"5,000"
"£2,600.91 ex VAT",Mercedes-Benz E Class Saloon E220d SE 4dr 9G-Tronic [2019],£288.99,48,"10,000"
"£2,609.91 ex VAT",Volkswagen Tiguan Allspace Estate 2.0 TDI R Line 5dr [2018],£289.99,48,"5,000"
"£2,618.91 ex VAT",Audi A5 Hatchback 2.0 TDI 150 S Line 5dr S Tronic [2018],£290.99,48,"5,000"
"£2,618.91 ex VAT",Volkswagen Sharan Mpv 2.0 TDI CR BlueMotion Tech 150 SE Nav 5dr [2018],£290.99,48,"5,000"
"£2,627.91 ex VAT",Audi A6 Estate 2.0 TDI Ultra SE Executive 5dr [2018],£291.99,48,"5,000"
"£2,627.91 ex VAT",Jaguar F-pace Estate 2.0d [163] R-Sport 5dr [2018],£291.99,48,"5,000"
"£2,636.91 ex VAT",Audi A4 Saloon 2.0 TDI Ultra Sport 4dr [Leather] [2018],£292.99,48,"5,000"
"£2,636.91 ex VAT",Land Rover Discovery Sport Estate 2.0 Si4 240 SE Tech 5dr Auto [2019],£292.99,48,"5,000"
"£2,654.91 ex VAT",Mercedes-Benz C Class Convertible C200 4Matic AMG Line Premium Plus 2dr 9G-Tronic [2019],£294.99,48,"5,000"
"£2,663.91 ex VAT",Audi A3 Convertible 2.0 TDI 184 Quattro S Line 2dr S Tronic [7 Speed] [2018],£295.99,48,"5,000"
"£2,663.91 ex VAT",Audi A4 Saloon 2.0 TDI Ultra SE 4dr S Tronic [2018],£295.99,48,"5,000"
"£2,663.91 ex VAT",BMW 5 Series Estate 520d SE 5dr Auto [2018.75],£295.99,48,"5,000"
"£2,672.91 ex VAT",Audi A4 Saloon 2.0T FSI Black Edition 4dr S Tronic [2018],£296.99,48,"5,000"
"£2,672.91 ex VAT",Volvo Xc40 Estate 2.0 T4 Inscription 5dr AWD Geartronic [2019],£296.99,48,"5,000"
"£2,681.91 ex VAT",Mercedes-Benz C Class Coupe C300 AMG Line 2dr 9G-Tronic ,£297.99,24,"10,000"
"£2,681.91 ex VAT",Audi A4 Saloon 2.0 TDI S Line 4dr [Leather/Alc] [2018],£297.99,48,"5,000"
"£2,681.91 ex VAT",BMW 4 Series Coupe 420d [190] Sport 2dr Auto [Professional Media] [2018.75],£297.99,48,"5,000"
"£2,681.91 ex VAT",BMW I3 Hatchback 94Ah Range Extender 5dr Auto [Lodge Inter World] [2018],£297.99,48,"5,000"
"£2,690.91 ex VAT",Mercedes-Benz E Class Convertible E220d AMG Line Premium 2dr 9G-Tronic [2019],£298.99,24,"5,000"
"£2,699.91 ex VAT",Mercedes-Benz E Class Convertible E300 AMG Line Premium 2dr 9G-Tronic [2019],£299.99,48,"5,000"
"£2,699.91 ex VAT",Volvo Xc60 Suv 2.0 D4 R DESIGN 5dr AWD Geartronic [2019],£299.99,48,"5,000"
"£2,717.91 ex VAT",Mercedes-Benz E Class Coupe E220d AMG Line Premium 2dr 9G-Tronic [2019],£301.99,36,"5,000"
"£2,717.91 ex VAT",Mercedes-Benz Glc Estate GLC 220d 4Matic Sport Premium 5dr 9G-Tronic [2019],£301.99,48,"5,000"
"£2,717.91 ex VAT",Volvo Xc90 Suv 2.0 D5 PowerPulse Momentum 5dr AWD Geartronic [2019],£301.99,48,"5,000"
"£2,717.91 ex VAT",Jaguar F-pace Estate 2.0d Prestige 5dr Auto [2018],£301.99,48,"5,000"
"£2,744.91 ex VAT",Volvo Xc60 Estate 2.0 T5 [250] Inscription 5dr AWD Geartronic [2019],£304.99,24,"5,000"
"£2,744.91 ex VAT",Mercedes-Benz Glc Estate GLC 250 4Matic AMG Line Premium 5dr 9G-Tronic [2019],£304.99,24,"8,000"
"£2,744.91 ex VAT",Audi A4 Estate 2.0T FSI Sport 5dr S Tronic [Leather] [2018],£304.99,48,"5,000"
"£2,753.91 ex VAT",Land Rover Range Rover Evoque Suv 2.0 TD4 SE 5dr Auto [2019],£305.99,48,"5,000"
"£2,753.91 ex VAT",BMW 2 Series Convertible M240i 2dr [Nav] Step Auto [2018],£305.99,48,"8,000"
"£2,762.91 ex VAT",Volvo V60 Estate 2.0 T5 Inscription 5dr Auto [2019],£306.99,24,"5,000"
"£2,762.91 ex VAT",Audi A4 Saloon 2.0T FSI Black Edition 4dr S Tronic [Tech Pack] [2018],£306.99,48,"5,000"
"£2,762.91 ex VAT",Audi A5 Coupe 2.0 TDI Quattro S Line 2dr S Tronic [2018],£306.99,48,"5,000"
"£2,762.91 ex VAT",Land Rover Range Rover Evoque Suv 2.0 TD4 SE Tech 5dr [2019],£306.99,48,"5,000"
"£2,771.91 ex VAT",Mercedes-Benz E Class Convertible E220d AMG Line Premium Plus 2dr 9G-Tronic [2019],£307.99,24,"5,000"
"£2,771.91 ex VAT",Mercedes-Benz E Class Convertible E300 AMG Line Premium Plus 2dr 9G-Tronic [2019],£307.99,48,"5,000"
"£2,780.91 ex VAT",Audi A4 Allroad Estate 2.0 TDI Quattro Sport 5dr S Tronic [2018],£308.99,24,"5,000"
"£2,789.91 ex VAT",Mercedes-Benz Glc Coupe Coupe GLC 250 4Matic AMG Line 5dr 9G-Tronic [2019],£309.99,36,"5,000"
"£2,789.91 ex VAT",Mercedes-Benz Glc Coupe Coupe GLC 250 4Matic AMG Line 5dr 9G-Tronic [2019],£309.99,36,"5,000"
"£2,789.91 ex VAT",Audi A4 Estate 2.0T FSI S Line 5dr S Tronic [Leather/Alc] [2018],£309.99,48,"5,000"
"£2,789.91 ex VAT",Land Rover Discovery Sport Suv 2.0 TD4 SE 5dr [5 seat] [2019],£309.99,48,"5,000"
"£2,798.91 ex VAT",Audi A6 Estate 2.0 TDI Quattro S Line 5dr S Tronic [2018],£310.99,48,"5,000"
"£2,798.91 ex VAT",Volkswagen Tiguan Allspace Estate 2.0 TSI 4Motion SEL 5dr DSG [2018],£310.99,48,"5,000"
"£2,807.91 ex VAT",Audi A4 Saloon 2.0 TDI S Line 4dr S Tronic [Leather/Alc] [2018],£311.99,48,"5,000"
"£2,807.91 ex VAT",Volvo Xc40 Estate 2.0 T4 Inscription Pro 5dr AWD Geartronic [2019],£311.99,48,"5,000"
"£2,807.91 ex VAT",Mercedes-Benz Glc Estate GLC 250d 4Matic AMG Line 5dr 9G-Tronic [2018.5],£311.99,48,"8,000"
"£2,816.91 ex VAT",Volkswagen Sharan Mpv 2.0 TDI CR BlueMotion Tech 150 SE Nav 5dr DSG [2018],£312.99,48,"5,000"
"£2,825.91 ex VAT",Audi A4 Allroad Estate 2.0T FSI Quattro 5dr S Tronic [Leather] [2018],£313.99,48,"5,000"
"£2,843.91 ex VAT",Audi Q5 Suv 2.0T FSI Quattro Sport 5dr S Tronic [2018],£315.99,24,"5,000"
"£2,843.91 ex VAT",Audi A6 Estate 2.0 TFSI Quattro S Line 5dr S Tronic [2018],£315.99,48,"5,000"
"£2,843.91 ex VAT",Lexus Nx Estate 300h 2.5 Luxury 5dr CVT [Premium Nav] [2018],£315.99,48,"8,000"
"£2,852.91 ex VAT",Audi A4 Allroad Estate 2.0 TDI Quattro Sport 5dr S Tronic [Tech Pack] [2018],£316.99,24,"5,000"
"£2,852.91 ex VAT",Land Rover Range Rover Velar Estate 2.0 D180 S 5dr Auto [2019],£316.99,48,"5,000"
"£2,852.91 ex VAT",Mercedes-Benz E Class Coupe E300 AMG Line 2dr 9G-Tronic [2019],£316.99,48,"5,000"
"£2,852.91 ex VAT",Mitsubishi Shogun Suv 3.2 DI-DC [187] SG2 3dr Auto [2017],£316.99,48,"5,000"
"£2,870.91 ex VAT",Land Rover Range Rover Evoque Suv 2.0 TD4 SE Tech 5dr Auto [2019],£318.99,48,"5,000"
"£2,879.91 ex VAT",Volvo Xc90 Suv 2.0 T5 [250] Momentum 5dr AWD Gtron [2019],£319.99,36,"5,000"
"£2,879.91 ex VAT",Audi A4 Estate 2.0 TDI S Line 5dr [Leather/Alc] [2018],£319.99,48,"5,000"
"£2,888.91 ex VAT",BMW 5 Series Saloon 520d xDrive M Sport 4dr Auto [2018.75],£320.99,48,"5,000"
"£2,897.91 ex VAT",Land Rover Range Rover Velar Estate 2.0 P250 5dr Auto [2019],£321.99,48,"5,000"
"£2,906.91 ex VAT",BMW 6 Series Hatchback 630i SE 5dr Auto [2018.5],£322.99,24,"5,000"
"£2,915.91 ex VAT",Audi A3 Hatchback S3 TFSI Quattro Black Edition 5dr S Tronic [2018],£323.99,48,"5,000"
"£2,915.91 ex VAT",Mercedes-Benz Glc Estate GLC 220d 4Matic AMG Line Prem Plus 5dr 9G-Tronic [2019],£323.99,48,"5,000"
"£2,915.91 ex VAT",Volvo Xc90 Suv 2.0 D5 PowerPulse Inscription 5dr AWD Geartronic [2019],£323.99,48,"5,000"
"£2,924.91 ex VAT",Audi A5 Hatchback 2.0 TFSI Quattro S Line 5dr S Tronic [2018],£324.99,24,"5,000"
"£2,924.91 ex VAT",Land Rover Discovery Sport Suv 2.0 TD4 180 SE 5dr [2019],£324.99,48,"5,000"
"£2,933.91 ex VAT",Land Rover Range Rover Velar Estate 2.0 D180 SE 5dr Auto [2019],£325.99,48,"5,000"
"£2,942.91 ex VAT",Audi A5 Convertible 2.0 TDI Sport 2dr S Tronic [2018],£326.99,48,"5,000"
"£2,942.91 ex VAT",Audi A5 Hatchback 3.0 TDI 218 Quattro Sport 5dr S Tronic [2018],£326.99,48,"5,000"
"£2,942.91 ex VAT",Mitsubishi Shogun Suv 3.2 DI-DC [187] SG2 5dr Auto [2017],£326.99,48,"5,000"
"£2,942.91 ex VAT",Volvo Xc90 Suv 2.0 D5 PowerPulse R DESIGN 5dr AWD Geartronic [2019],£326.99,48,"5,000"
"£2,951.91 ex VAT",BMW X4 Estate xDrive20d Sport 5dr Step Auto [2019],£327.99,48,"5,000"
"£2,951.91 ex VAT",Lexus Nx Estate 300h 2.5 F-Sport 5dr CVT [Premium Nav] [2018.5],£327.99,48,"8,000"
"£2,960.91 ex VAT",Audi A3 Hatchback S3 TFSI Quattro 5dr S Tronic [Tech Pack] [2018],£328.99,48,"5,000"
"£2,960.91 ex VAT",Audi A5 Coupe 2.0 TFSI 252 Quattro S Line 2dr S Tronic [2018],£328.99,48,"5,000"
"£2,960.91 ex VAT",Mercedes-Benz Glc Coupe Coupe GLC 220d 4Matic Sport 5dr 9G-Tronic [2019],£328.99,48,"5,000"
"£2,960.91 ex VAT",Volvo Xc90 Suv 2.0 D5 PowerPulse Momentum Pro 5dr AWD Geartronic [2019],£328.99,48,"5,000"
"£2,960.91 ex VAT",Jaguar F-pace Estate 2.0d R-Sport 5dr Auto [2018],£328.99,48,"5,000"
"£2,969.91 ex VAT",Audi A4 Estate 2.0 TDI Black Edition 5dr [2018],£329.99,48,"5,000"
"£2,969.91 ex VAT",Land Rover Range Rover Evoque Suv 2.0 TD4 Landmark 5dr [2019],£329.99,48,"5,000"
"£2,978.91 ex VAT",Jaguar F-pace Estate 2.0d [163] Portfolio 5dr [2018],£330.99,48,"5,000"
"£2,978.91 ex VAT",Land Rover Discovery Sport Estate 2.0 Si4 240 HSE 5dr Auto [2019],£330.99,48,"5,000"
"£2,978.91 ex VAT",Land Rover Range Rover Evoque Suv 2.0 eD4 HSE Dynamic 5dr 2WD [2019],£330.99,48,"5,000"
"£2,996.91 ex VAT",Audi A5 Hatchback 2.0 TFSI Quattro S Line 5dr S Tronic [Tech Pack] [2018],£332.99,24,"5,000"
"£2,996.91 ex VAT",BMW 5 Series Estate 520d xDrive SE 5dr Auto [2018.75],£332.99,48,"5,000"
"£2,996.91 ex VAT",BMW 5 Series Saloon 525d SE 4dr Auto [2018.75],£332.99,48,"5,000"
"£2,996.91 ex VAT",Land Rover Range Rover Velar Estate 2.0 D180 R-Dynamic S 5dr Auto [2019],£332.99,48,"5,000"
"£2,996.91 ex VAT",Mercedes-Benz Glc Estate GLC 250d 4Matic AMG Line Prem Plus 5dr 9G-Tronic [2019],£332.99,48,"5,000"
"£3,005.91 ex VAT",BMW 5 Series Saloon 530i M Sport 4dr Auto [2018.75],£333.99,36,"5,000"
"£3,005.91 ex VAT",Mitsubishi Shogun Suv 3.2 DI-DC [187] Warrior 3dr Auto [2017],£333.99,48,"5,000"
"£3,014.91 ex VAT",Audi A4 Estate 2.0 TDI S Line 5dr S Tronic [Leather/Alc] [2018],£334.99,48,"5,000"
"£3,023.91 ex VAT",Audi A3 Hatchback S3 TFSI Quattro Black Edition 5dr S Tronic [Tech] [2018],£335.99,48,"5,000"
"£3,032.91 ex VAT",Audi A5 Coupe 2.0 TFSI 252 Quattro S Line 2dr S Tronic [Tech Pk] [2018],£336.99,48,"5,000"
"£3,032.91 ex VAT",Land Rover Discovery Sport Suv 2.0 TD4 180 SE Tech 5dr [2019],£336.99,48,"5,000"
"£3,032.91 ex VAT",Mercedes-Benz Glc Coupe Coupe GLC 220d 4Matic Sport Premium 5dr 9G-Tronic [2019],£336.99,48,"5,000"
"£3,032.91 ex VAT",Mercedes-Benz Glc Coupe Coupe GLC 250d 4Matic Sport 5dr 9G-Tronic [2019],£336.99,48,"5,000"
"£3,059.91 ex VAT",BMW X3 Suv xDrive20d xLine 5dr Step Auto [2018.75],£339.99,48,"5,000"
"£3,059.91 ex VAT",Land Rover Range Rover Velar Estate 2.0 D180 R-Dynamic SE 5dr Auto [2019],£339.99,48,"5,000"
"£3,059.91 ex VAT",Mercedes-Benz Glc Coupe Coupe GLC 220d 4Matic AMG Line 5dr 9G-Tronic [2019],£339.99,48,"5,000"
"£3,068.91 ex VAT",Audi A3 Saloon S3 TFSI Quattro 4dr S Tronic [2018],£340.99,48,"5,000"
"£3,086.91 ex VAT",Jaguar F-pace Estate 2.0d R-Sport 5dr Auto AWD [2018],£342.99,48,"5,000"
"£3,095.91 ex VAT",Audi A4 Estate 2.0 TDI Black Edition 5dr S Tronic [2018],£343.99,48,"5,000"
"£3,095.91 ex VAT",BMW 5 Series Estate 520d xDrive M Sport 5dr Auto [2018.75],£343.99,48,"5,000"
"£3,115.44 ex VAT",BMW X3 Suv xDrive20d M Sport 5dr Step Auto [2018.75],£346.16,48,"5,000"
"£3,140.91 ex VAT",Audi A5 Convertible 3.0 TDI Quattro Sport 2dr S Tronic [2018],£348.99,48,"5,000"
"£3,140.91 ex VAT",BMW X4 Estate xDrive20d M Sport 5dr Step Auto [2019],£348.99,48,"5,000"
"£3,149.91 ex VAT",Mercedes-Benz Glc Coupe Coupe GLC 220d 4Matic AMG Line Premium 5dr 9G-Tronic [2019],£349.99,48,"5,000"
"£3,149.91 ex VAT",Jaguar F-pace Estate 2.0d Portfolio 5dr Auto [2018],£349.99,48,"5,000"
"£3,158.91 ex VAT",Audi A4 Allroad Estate 3.0 TDI Quattro Sport 5dr S Tronic [2018],£350.99,48,"5,000"
"£3,158.91 ex VAT",Honda Civic Hatchback 2.0 VTEC Turbo Type R GT 5dr [2017],£350.99,48,"5,000"
"£3,167.91 ex VAT",BMW 5 Series Saloon 525d M Sport 4dr Auto [2018.75],£351.99,48,"5,000"
"£3,167.91 ex VAT",Audi A4 Allroad Estate 2.0T FSI Quattro Sport 5dr S Tronic [2018],£351.99,48,"5,000"
"£3,176.91 ex VAT",Volvo Xc90 Suv 2.0 T5 [250] R DESIGN 5dr AWD Gtron [2019],£352.99,36,"5,000"
"£3,185.91 ex VAT",Volkswagen Touareg Suv 3.0 V6 TDI 4Motion SEL 5dr Tip Auto ,£353.99,24,"5,000"
"£3,203.91 ex VAT",Land Rover Range Rover Evoque Suv 2.0 TD4 Landmark 5dr Auto [2019],£355.99,48,"5,000"
"£3,212.91 ex VAT",Land Rover Discovery Sport Suv 2.0 TD4 180 HSE 5dr [2019],£356.99,48,"5,000"
"£3,212.91 ex VAT",Land Rover Range Rover Velar Estate 2.0 P250 S 5dr Auto [2019],£356.99,48,"5,000"
"£3,239.91 ex VAT",Mercedes-Benz Glc Coupe Coupe GLC 220d 4Matic AMG Line Prem Plus 5dr 9G-Tronic [2019],£359.99,48,"5,000"
"£3,248.91 ex VAT",Land Rover Range Rover Velar Estate 2.0 P250 SE 5dr Auto [2019],£360.99,24,"5,000"
"£3,248.91 ex VAT",Audi A4 Allroad Estate 3.0 TDI Quattro Sport 5dr S Tronic [Tech Pack] [2018],£360.99,48,"5,000"
"£3,248.91 ex VAT",BMW 5 Series Estate 530d SE 5dr Auto [2018.75],£360.99,48,"5,000"
"£3,257.91 ex VAT",Audi A4 Allroad Estate 2.0T FSI Quattro Sport 5dr S Tronic [Tech Pack] [2018],£361.99,48,"5,000"
"£3,266.91 ex VAT",Land Rover Discovery Sport Estate 2.0 Si4 240 HSE Luxury 5dr Auto [2019],£362.99,48,"5,000"
"£3,275.91 ex VAT",Jaguar F-pace Estate 2.0d Portfolio 5dr Auto AWD [2018],£363.99,48,"5,000"
"£3,284.91 ex VAT",BMW M2 Coupe M2 Competition 2dr DCT [2019],£364.99,24,"5,000"
"£3,284.91 ex VAT",Mercedes-Benz Glc Coupe Coupe GLC 250d 4Matic AMG Line Premium 5dr 9G-Tronic [2019],£364.99,48,"5,000"
"£3,302.91 ex VAT",Jaguar I-pace Estate 90kWh EV400 S 5dr Auto [2019],£366.99,24,"5,000"
"£3,302.91 ex VAT",Land Rover Range Rover Velar Estate 2.0 D240 SE 5dr Auto [2019],£366.99,48,"5,000"
"£3,311.91 ex VAT",Audi A5 Convertible 2.0 TFSI Quattro S Line 2dr S Tronic [2018],£367.99,48,"5,000"
"£3,320.91 ex VAT",BMW 5 Series Saloon 540i xDrive SE 4dr Auto [2018.75],£368.99,36,"5,000"
"£3,320.91 ex VAT",Volvo Xc90 Suv 2.0 D5 PowerPulse R DESIGN Pro 5dr AWD Geartronic [2019],£368.99,48,"5,000"
"£3,338.91 ex VAT",Land Rover Range Rover Evoque Suv 2.0 TD4 HSE Dynamic 5dr [2019],£370.99,48,"5,000"
"£3,338.91 ex VAT",Land Rover Range Rover Velar Estate 2.0 D180 HSE 5dr Auto [2019],£370.99,48,"5,000"
"£3,356.91 ex VAT",Audi A6 Allroad Estate 3.0 TDI 218 Quattro Sport 5dr S Tronic [Tech] [2018],£372.99,48,"5,000"
"£3,356.91 ex VAT",Land Rover Range Rover Velar Estate 2.0 P250 R-Dynamic S 5dr Auto [2019],£372.99,48,"5,000"
"£3,365.91 ex VAT",Volvo Xc90 Suv 2.0 T6 [310] Inscription 5dr AWD Geartronic [2019],£373.99,36,"5,000"
"£3,365.91 ex VAT",Mercedes-Benz Gle Estate GLE 250d 4Matic AMG Night Edition 5dr 9G-Tronic [2018.5],£373.99,48,"5,000"
"£3,374.91 ex VAT",Land Rover Range Rover Velar Estate 2.0 D180 R-Dynamic 5dr Auto [2019],£374.99,36,"8,000"
"£3,374.91 ex VAT",Land Rover Range Rover Evoque Suv 2.0 eD4 HSE Dynamic Lux 5dr 2WD [2019],£374.99,48,"5,000"
"£3,383.91 ex VAT",Volvo Xc90 Suv 2.0 D5 PowerPulse Inscription Pro 5dr AWD G tronic [2019],£375.99,48,"5,000"
"£3,392.91 ex VAT",Audi Q5 Suv 2.0 TDI Quattro S Line 5dr S Tronic [Tech Pack] [2018],£376.99,48,"5,000"
"£3,392.91 ex VAT",BMW 5 Series Saloon 530e SE 4dr Auto [2018.75],£376.99,48,"5,000"
"£3,401.91 ex VAT",Mercedes-Benz E Class Coupe E220d AMG Line Premium 2dr 9G-Tronic [2019],£377.99,48,"10,000"
"£3,419.91 ex VAT",Land Rover Discovery Sport Suv 2.0 TD4 180 HSE 5dr Auto [2019],£379.99,48,"5,000"
"£3,437.91 ex VAT",BMW 5 Series Estate 530d xDrive SE 5dr Auto [2018.75],£381.99,48,"5,000"
"£3,464.91 ex VAT",Mercedes-Benz Glc Estate GLC 43 4Matic 5dr 9G-Tronic [2019],£384.99,48,"5,000"
"£3,473.91 ex VAT",BMW 6 Series Hatchback 630d SE 5dr Auto [2018.5],£385.99,48,"5,000"
"£3,491.91 ex VAT",BMW X3 Suv xDrive30d xLine 5dr Step Auto [2018.75],£387.99,48,"5,000"
"£3,500.91 ex VAT",Land Rover Range Rover Evoque Suv 2.0 TD4 HSE Dynamic 5dr Auto [2019],£388.99,48,"5,000"
"£3,500.91 ex VAT",Land Rover Discovery Suv 2.0 Si4 S 5dr Auto [2019],£388.99,48,"5,000"
"£3,518.91 ex VAT",BMW X3 Suv xDrive30d M Sport 5dr Step Auto [2018.75],£390.99,48,"5,000"
"£3,518.91 ex VAT",Volvo Xc90 Suv 2.0 T6 [310] R DESIGN 5dr AWD Geartronic [2019],£390.99,48,"5,000"
"£3,536.91 ex VAT",BMW 5 Series Saloon 540i xDrive M Sport 4dr Auto [2018.75],£392.99,48,"5,000"
"£3,563.91 ex VAT",Land Rover Discovery Suv 2.0 SD4 S 5dr Auto [2019],£395.99,48,"5,000"
"£3,617.91 ex VAT",Audi Rs3 Hatchback 2.5 TFSI RS 3 Quattro 5dr S Tronic [2018],£401.99,48,"5,000"
"£3,626.91 ex VAT",Lexus Rc Coupe 300h 2.5 F-Sport 2dr CVT [Premium Navigation] [2018],£402.99,48,"8,000"
"£3,671.91 ex VAT",Audi Rs3 Saloon 2.5 TFSI RS 3 Quattro 4dr S Tronic [2018],£407.99,48,"5,000"
"£3,680.91 ex VAT",BMW 6 Series Hatchback 630d M Sport 5dr Auto [2018.5],£408.99,48,"5,000"
"£3,752.91 ex VAT",BMW X4 Estate xDrive M40d 5dr Step Auto [2019],£416.99,48,"5,000"
"£3,752.91 ex VAT",Land Rover Range Rover Evoque Suv 2.0 TD4 HSE Dynamic Lux 5dr Auto [2019],£416.99,48,"5,000"
"£3,779.91 ex VAT",Audi Q7 Suv 3.0 TDI 218 Quattro SE 5dr Tip Auto [2018],£419.99,48,"5,000"
"£3,788.91 ex VAT",Jaguar F-type Coupe 2.0 R-Dynamic 2dr Auto [2019.5],£420.99,48,"5,000"
"£3,797.91 ex VAT",Volvo Xc90 Suv 2.0 T8 [390] Hybrid R DESIGN 5dr AWD Gtron [2019],£421.99,48,"5,000"
"£3,806.91 ex VAT",Land Rover Range Rover Sport Suv 2.0 Si4 HSE 5dr Auto [2019],£422.99,48,"5,000"
"£3,833.91 ex VAT",Jaguar F-type Coupe 2.0 2dr Auto [2019.5],£425.99,48,"5,000"
"£3,842.91 ex VAT",Land Rover Range Rover Evoque Conve... 2.0 TD4 HSE Dynamic 2dr Auto [2019],£426.99,48,"5,000"
"£3,860.91 ex VAT",BMW 7 Series Saloon 740e Exclusive 4dr Auto [2018.75],£428.99,48,"5,000"
"£3,860.91 ex VAT",Porsche Boxster Convertible 2.0 2dr [2018],£428.99,48,"5,000"
"£3,914.91 ex VAT",Audi Q7 Suv 3.0 TDI 218 Quattro S Line 5dr Tip Auto [2018],£434.99,48,"5,000"
"£3,923.91 ex VAT",BMW 7 Series Saloon 740Ld xDrive M Sport 4dr Auto [2018.75],£435.99,24,"5,000"
"£3,932.91 ex VAT",Audi A5 Coupe S5 Quattro 2dr Tiptronic [2018],£436.99,48,"5,000"
"£3,941.91 ex VAT",Porsche Boxster Convertible 2.0 2dr PDK [2018],£437.99,48,"5,000"
"£3,950.91 ex VAT",Lexus Rx Suv 450h 3.5 Sport 5dr CVT [2018.5],£438.99,48,"5,000"
"£3,959.91 ex VAT",Jaguar I-pace Estate 90kWh EV400 SE 5dr Auto [2019],£439.99,24,"5,000"
"£3,959.91 ex VAT",Audi A5 Hatchback S5 Quattro 5dr Tiptronic [2018],£439.99,48,"5,000"
"£3,968.91 ex VAT",Land Rover Discovery Suv 2.0 SD4 SE 5dr Auto [2019],£440.99,48,"5,000"
"£4,031.91 ex VAT",Jaguar Xj Saloon 3.0d V6 Luxury 4dr Auto [2019],£447.99,48,"5,000"
"£4,175.91 ex VAT",Audi A7 Hatchback 55 TFSI Quattro Sport 5dr S Tronic [2019],£463.99,48,"5,000"
"£4,202.91 ex VAT",Mercedes-Benz Gle Estate GLE 350d 4Matic AMG Night Edition 5dr 9G-Tronic [2019],£466.99,48,"5,000"
"£4,220.91 ex VAT",Audi A8 Saloon 50 TDI Quattro 4dr Tiptronic [2018],£468.99,48,"5,000"
"£4,229.91 ex VAT",Land Rover Range Rover Sport Suv 3.0 SDV6 HSE 5dr Auto [2019],£469.99,48,"5,000"
"£4,238.91 ex VAT",Audi A5 Convertible S5 Quattro 2dr Tiptronic [2018],£470.99,48,"5,000"
"£4,238.91 ex VAT",BMW M4 Coupe M4 2dr DCT [Competition Pack] [2018.5],£470.99,48,"5,000"
"£4,265.91 ex VAT",Jaguar F-type Coupe 3.0 Supercharged V6 2dr [2019.5],£473.99,48,"5,000"
"£4,292.91 ex VAT",BMW 7 Series Saloon 730d 4dr Auto [2018.75],£476.99,48,"5,000"
"£4,301.91 ex VAT",Audi A7 Hatchback 50 TDI Quattro Sport 5dr Tip Auto [2019],£477.99,48,"5,000"
"£4,319.91 ex VAT",Audi A7 Hatchback 50 TDI Quattro S Line 5dr Tip Auto [2019],£479.99,48,"5,000"
"£4,355.91 ex VAT",Audi A7 Hatchback 55 TFSI Quattro S Line 5dr S Tronic [2019],£483.99,48,"5,000"
"£4,355.91 ex VAT",Land Rover Range Rover Sport Suv 3.0 SDV6 HSE 5dr Auto [7 seat] [2019],£483.99,48,"5,000"
"£4,373.91 ex VAT",Mercedes-Benz Gle Estate GLE 350d 4Matic AMG Night Ed Prem + 5dr 9G-Tronic [2018.5],£485.99,48,"10,000"
"£4,391.91 ex VAT",BMW M4 Convertible M4 2dr DCT [Competition Pack] [2018.5],£487.99,48,"5,000"
"£4,427.91 ex VAT",Mercedes-Benz Cls Coupe CLS 350d 4Matic AMG Line 4dr 9G-Tronic [2019],£491.99,48,"10,000"
"£4,436.91 ex VAT",Audi A6 Estate S6 TFSI Quattro Black Edition 5dr S Tronic [2018],£492.99,48,"5,000"
"£4,445.91 ex VAT",Audi Q7 Suv 3.0 TDI Quattro S Line 5dr Tip Auto [2018],£493.99,48,"5,000"
"£4,463.91 ex VAT",Mercedes-Benz S Class Saloon S350d L AMG Line 4dr 9G-Tronic [2019],£495.99,24,"10,000"
"£4,490.91 ex VAT",Audi A6 Estate S6 TFSI Quattro 5dr S Tronic [2018],£498.99,48,"5,000"
"£4,508.91 ex VAT",Audi A8 Saloon L 55 TFSI Quattro 4dr Tiptronic [2018],£500.99,48,"5,000"
"£4,508.91 ex VAT",Audi Q7 Suv 3.0 TDI Quattro Black Edition 5dr Tip Auto [2018],£500.99,48,"5,000"
"£4,526.91 ex VAT",Jaguar I-pace Estate 90kWh EV400 HSE 5dr Auto [2019],£502.99,24,"5,000"
"£4,553.91 ex VAT",Land Rover Discovery Suv 2.0 SD4 HSE 5dr Auto [2019],£505.99,48,"5,000"
"£4,589.91 ex VAT",BMW 7 Series Saloon 730d M Sport 4dr Auto [2018.75],£509.99,48,"5,000"
"£4,679.91 ex VAT",Land Rover Range Rover Sport Suv 3.0 SDV6 HSE Dynamic 5dr Auto [2019],£519.99,48,"5,000"
"£4,796.91 ex VAT",Land Rover Range Rover Sport Suv 3.0 SDV6 HSE Dynamic 5dr Auto [7 seat] [2019],£532.99,48,"5,000"
"£4,805.91 ex VAT",Jaguar Xj Saloon 3.0d V6 Portfolio 4dr Auto [2019],£533.99,48,"5,000"
"£4,958.91 ex VAT",Audi A8 Saloon 55 TFSI Quattro 4dr Tiptronic [2018],£550.99,48,"5,000"
"£5,147.91 ex VAT",Audi Q7 Suv SQ7 Quattro Vorsprung 5dr Tip Auto [2018],£571.99,24,"5,000"
"£5,255.91 ex VAT",Mercedes-Benz Gle Coupe Suv GLE 43 4Matic Night Edition 5dr 9G-Tronic [2019],£583.99,48,"5,000"
"£5,696.91 ex VAT",Audi Q7 Suv 3.0 TDI Quattro Vorsprung 5dr Tip Auto [2018],£632.99,48,"5,000"
"£5,912.91 ex VAT",Audi Q7 Suv SQ7 Quattro 5dr Tip Auto [2018],£656.99,48,"5,000"
"£6,011.91 ex VAT",Land Rover Range Rover Sport Suv 3.0 SDV6 Autobiography Dynamic 5dr Auto [2019],£667.99,48,"5,000"
"£6,245.91 ex VAT",Hyundai Genesis Saloon 3.8 GDi V6 4dr DCT [2016],£693.99,48,"5,000"
"£6,326.91 ex VAT",Land Rover Range Rover Suv 3.0 SDV6 Vogue 4dr Auto ,£702.99,48,"5,000"
"£6,407.91 ex VAT",BMW I8 Coupe [374] 2dr Auto [2018.75],£711.99,48,"8,000"
"£6,947.91 ex VAT",Land Rover Range Rover Suv 4.4 SDV8 Vogue 4dr Auto [2019],£771.99,48,"5,000"
"£6,992.91 ex VAT",Porsche 911 Coupe 2dr [2018],£776.99,48,"5,000"
"£7,379.91 ex VAT",Porsche 911 Convertible 2dr [2018],£819.99,48,"5,000"
"£7,460.91 ex VAT",Land Rover Range Rover Sport Suv 5.0 V8 S/C 575 SVR 5dr Auto [2019],£828.99,36,"5,000"
"£7,577.91 ex VAT",BMW M5 Saloon M5 4dr DCT [2018.5],£841.99,48,"5,000"
"£7,595.91 ex VAT",Porsche 911 Coupe 2dr [2018],£843.99,48,"5,000"
"£7,820.91 ex VAT",Land Rover Range Rover Suv 4.4 SDV8 Vogue SE 4dr Auto [2019],£868.99,48,"5,000"
"£8,180.91 ex VAT",Lexus Lc Coupe 500h 3.5 Sport+ 2dr Auto [Mark Levinson] [2017],£908.99,48,"5,000"
"£9,044.91 ex VAT",Land Rover Range Rover Suv 4.4 SDV8 Autobiography 4dr Auto [2019],"£1,004.99",48,"5,000"
"£10,241.91 ex VAT",BMW I8 Convertible 2dr Auto [2018.75],"£1,137.99",48,"5,000"